student_id,grades,actual_academic_status,predicted_academic_status,gaming_hours,study_hours,sleep_hours,attendance,addiction_score,stress_level
1,86.45955466333767,Safe,Medium,7.23,8.78,6.96,91.44,14.69,Low
9,80.94,Medium,Safe,4.55,7.93,8.76,72.5,11.04,Medium
17,62.09,Medium,Risk,6.86,6.65,5.46,83.74,15.76,Low
25,56.32,Risk,Medium,0.22,2.64,5.98,90.93,1.33,Medium
28,88.42652901676423,Safe,Medium,6.55,9.09,7.4,83.89,15.3,Low
36,62.63,Medium,Risk,6.09,4.63,8.91,84.69,10.37,Low
38,83.48,Medium,Safe,0.91,6.47,4.54,94.84,1.16,Medium
43,86.79,Safe,Medium,4.03,7.33,6.37,74.41,8.69,Medium
50,64.03,Medium,Risk,4.23,3.84,7.23,79.86,5.55,Medium
60,85.67,Safe,Medium,0.87,3.44,8.91,80.18,2.46,Medium
61,96.57122032899532,Safe,Medium,5.99,7.67,7.42,96.2,13.16,Low
63,54.03650726930501,Risk,Medium,7.61,8.48,4.49,79.4,20.63,High
76,66.67188190516212,Medium,Risk,4.09,1.19,8.88,97.12,10.21,Medium
80,72.47994815879551,Medium,Risk,0.59,2.42,4.05,77.67,6.03,Medium
84,59.51,Risk,Medium,3.03,3.02,7.93,71.75,7.41,Medium
96,89.86994366733958,Safe,Medium,6.11,9.13,6.08,81.38,16.35,Low
115,87.7929048115807,Safe,Medium,1.18,4.89,5.77,60.37,8.25,Medium
127,65.6,Medium,Risk,3.51,4.9,4.46,87.16,7.41,Medium
133,88.17,Safe,Medium,1.25,6.95,4.85,67.63,2.44,Medium
152,60.65,Medium,Risk,3.73,2.63,7.38,80.04,8.46,Medium
153,88.72625736509066,Safe,Medium,5.09,7.71,6.76,92.28,14.35,Low
154,55.64,Risk,Medium,2.38,2.06,8.76,70.67,6.44,Medium
157,89.36176029714849,Safe,Medium,1.87,5.97,5.24,66.85,0.98,Medium
163,65.00348539565958,Medium,Risk,3.0,2.19,8.19,66.48,9.57,Medium
164,65.36,Medium,Risk,3.89,1.65,9.0,78.84,12.35,Medium
166,87.54960154278523,Safe,Medium,5.2,7.71,8.21,71.47,11.87,Low
168,54.9,Risk,Medium,7.71,5.87,8.98,95.54,16.11,Low
182,88.5609535265387,Safe,Medium,5.53,8.59,7.74,71.57,12.87,Low
183,86.4,Safe,Medium,2.61,9.29,4.03,61.51,7.13,High
194,87.88,Safe,Medium,0.61,4.83,6.05,96.56,6.69,Medium
195,84.79,Medium,Safe,4.83,9.89,5.59,86.01,15.5,High
204,83.66114802329601,Medium,Safe,6.71,9.36,7.68,86.11,12.15,Low
205,82.63,Medium,Safe,0.17,7.15,7.2,60.52,7.65,Medium
214,65.72,Medium,Risk,4.43,2.72,6.89,95.47,10.4,Medium
215,85.86751605822991,Safe,Medium,5.15,8.36,5.84,89.49,13.94,High
218,61.59,Medium,Risk,3.91,4.76,4.58,97.9,11.15,Medium
219,79.68,Medium,Safe,0.46,4.57,7.72,88.47,1.41,Medium
225,86.37,Safe,Medium,0.27,4.71,5.11,85.16,0.0,Medium
239,81.72,Medium,Safe,0.1,4.28,7.51,94.5,2.53,Medium
241,60.33,Medium,Risk,5.15,4.95,7.62,79.03,12.98,Low
250,57.2,Risk,Medium,0.39,1.14,6.67,99.75,1.1,Medium
257,55.02,Risk,Medium,0.03,1.19,4.57,93.69,2.97,Medium
270,82.12,Medium,Safe,2.58,5.92,8.04,92.15,4.16,Medium
284,59.69,Risk,Medium,3.42,3.47,8.02,71.68,11.82,Medium
287,59.88,Risk,Medium,4.24,5.42,4.84,88.31,9.13,Medium
289,53.01,Risk,Medium,4.98,5.07,6.47,84.57,9.24,Medium
294,62.82,Medium,Risk,2.0,3.08,6.74,60.81,4.52,Medium
296,83.47,Medium,Safe,2.28,8.18,7.08,65.21,5.51,Medium
332,79.36,Medium,Safe,4.78,8.61,7.38,77.95,14.62,Medium
333,80.11,Medium,Safe,3.66,8.7,5.97,74.85,10.32,High
343,84.06,Medium,Safe,1.55,7.56,5.48,67.13,7.56,High
348,80.19,Medium,Safe,4.38,7.94,5.98,93.35,12.62,High
372,83.61092876584584,Medium,Safe,5.78,9.36,7.62,61.8,15.13,Low
391,80.38,Medium,Safe,2.91,7.59,5.81,84.19,6.53,High
395,85.34850533317113,Safe,Medium,6.13,9.77,5.27,86.37,12.27,High
405,82.77,Medium,Safe,0.46,6.27,8.07,74.68,2.27,Medium
429,80.84,Medium,Safe,3.33,8.83,6.03,63.56,8.49,Medium
435,53.97,Risk,Medium,5.15,6.16,5.64,93.97,13.06,Low
440,54.81,Risk,Medium,2.45,3.72,4.76,85.71,6.72,Medium
443,53.65,Risk,Medium,2.79,2.88,5.93,99.0,4.41,Medium
444,57.68,Risk,Medium,6.44,6.91,6.65,81.12,15.44,Low
449,79.3,Medium,Safe,4.22,9.89,5.33,87.49,12.49,High
454,84.62,Medium,Safe,1.87,7.01,4.76,95.82,7.34,High
478,78.09,Medium,Safe,0.25,4.04,8.0,92.46,3.34,Medium
485,66.5,Medium,Risk,1.04,1.05,4.43,95.91,6.06,Medium
488,94.8,Safe,Medium,1.61,4.13,7.55,95.75,5.02,Medium
504,84.51,Medium,Safe,2.47,9.24,4.14,89.51,6.21,High
508,86.28,Safe,Medium,3.48,8.3,5.39,69.45,9.78,High
513,88.46493540595333,Safe,Medium,3.71,4.15,8.6,97.18,4.96,Medium
518,80.03,Medium,Safe,0.87,6.69,7.23,62.33,2.79,Medium
520,63.073548115314935,Medium,Risk,3.72,2.36,8.27,75.41,5.84,Medium
524,79.66,Medium,Safe,0.21,4.3,8.95,89.37,0.0,Medium
537,85.66,Safe,Medium,1.56,5.26,7.24,83.83,5.52,Medium
540,67.93,Medium,Risk,1.9,2.63,4.61,98.23,0.91,Medium
542,89.78,Safe,Medium,1.92,6.29,7.63,62.87,5.2,Medium
543,64.03,Medium,Risk,5.83,5.63,7.18,79.65,16.37,Low
544,84.84,Medium,Safe,2.02,8.47,6.24,67.38,8.84,Medium
551,87.84510869305112,Safe,Medium,3.92,7.78,4.89,86.43,9.86,High
556,72.86,Medium,Safe,0.26,3.09,8.77,98.42,1.3,Medium
560,95.0002909165002,Safe,Medium,5.48,8.04,8.31,67.74,9.79,Low
562,59.67023462540532,Risk,Medium,6.55,9.89,4.11,63.37,18.82,High
565,53.52,Risk,Medium,2.44,3.58,5.92,77.97,4.08,Medium
568,63.51,Medium,Risk,2.57,1.38,7.4,98.74,7.74,Medium
585,54.48220060669546,Risk,Medium,6.82,7.99,5.67,65.95,17.81,High
590,59.16,Risk,Medium,0.95,3.71,4.44,66.1,4.04,Medium
599,87.47,Safe,Medium,0.62,5.0,5.66,97.99,4.53,Medium
602,50.74,Risk,Medium,6.84,5.95,7.87,95.67,19.44,Low
607,66.53052453310427,Medium,Risk,2.89,3.73,4.47,80.93,8.51,Medium
615,57.88,Risk,Medium,3.83,4.58,6.14,95.68,11.0,Medium
617,57.49,Risk,Medium,3.15,4.27,8.93,64.68,5.9,Medium
619,84.17602926350791,Medium,Safe,6.07,9.06,6.84,83.69,14.15,Low
645,60.86,Medium,Risk,5.32,3.78,7.53,93.64,12.6,Low
648,55.41,Risk,Medium,0.13,1.54,8.36,67.3,0.0,Medium
683,60.07,Medium,Risk,1.26,2.73,4.89,76.23,1.64,Medium
686,63.31,Medium,Risk,7.04,5.0,6.33,88.49,18.38,Low
690,59.1,Risk,Medium,2.21,4.48,6.19,84.34,9.82,Medium
691,63.5,Medium,Risk,4.55,3.75,6.04,99.42,11.68,Medium
709,85.47,Safe,Medium,0.55,4.41,5.6,96.59,0.73,Medium
732,86.3925211678864,Safe,Medium,2.93,8.46,4.89,62.84,11.65,High
741,94.87186469891468,Safe,Medium,1.26,5.22,5.08,94.26,4.26,Medium
742,84.73095197262086,Medium,Safe,7.23,9.99,7.74,71.14,17.26,Low
748,57.84,Risk,Medium,3.96,2.92,8.67,85.42,9.37,Medium
749,57.24,Risk,Medium,0.68,1.15,6.64,77.67,0.0,Medium
751,59.4,Risk,Medium,4.7,6.8,6.25,90.57,11.46,Medium
753,86.65,Safe,Medium,4.51,8.12,5.41,97.13,12.69,High
761,100.0,Safe,Medium,5.21,8.13,8.12,69.57,13.83,Low
768,91.72,Safe,Medium,1.79,6.57,4.1,97.36,4.86,Medium
781,64.20655124113735,Medium,Risk,6.84,7.02,6.18,87.71,13.55,Low
791,60.65,Medium,Risk,2.12,2.06,6.85,67.89,7.73,Medium
796,90.1,Safe,Medium,1.15,5.67,6.31,80.59,5.05,Medium
797,94.71,Safe,Medium,1.64,6.18,6.09,87.21,8.49,Medium
798,88.08,Safe,Medium,1.97,7.71,5.34,60.96,6.12,High
802,57.13,Risk,Medium,0.84,4.05,4.15,64.56,4.2,Medium
808,93.4418630473577,Safe,Medium,6.23,7.41,8.79,91.51,16.4,Low
809,63.455022488671275,Medium,Risk,7.12,7.6,4.24,85.04,16.02,High
812,84.67,Medium,Safe,3.39,9.01,7.44,60.32,9.64,Medium
826,90.42,Safe,Medium,1.38,4.69,8.3,66.05,3.64,Medium
836,91.58278429455189,Safe,Medium,5.43,8.05,5.77,90.96,9.64,High
852,57.01,Risk,Medium,2.12,2.89,6.33,81.57,4.98,Medium
855,65.97,Medium,Risk,4.36,3.02,7.68,93.98,6.96,Medium
857,76.93,Medium,Safe,3.05,7.08,8.45,67.63,6.56,Medium
864,57.969388232639616,Risk,Medium,6.84,8.38,4.76,62.83,16.08,High
878,80.5512030847191,Medium,Risk,4.26,3.78,5.83,99.41,10.66,Medium
889,79.47,Medium,Safe,0.04,7.17,4.13,71.96,1.41,High
896,79.58,Medium,Safe,0.49,5.05,7.53,78.23,2.08,Medium
897,56.84,Risk,Medium,4.18,3.9,8.76,80.38,10.44,Medium
928,84.75,Medium,Safe,3.12,9.62,4.68,78.25,8.5,High
952,84.65,Medium,Safe,2.25,7.59,4.86,89.96,1.88,High
954,99.72088761560212,Safe,Medium,5.51,7.54,6.6,96.05,15.94,Low
956,59.67,Risk,Medium,1.63,4.06,4.18,73.34,9.26,Medium
968,88.13538767705647,Safe,Medium,0.56,2.48,6.83,98.61,0.0,Medium
984,56.35232805367256,Risk,Medium,7.84,7.86,6.66,88.22,16.54,Low
985,53.65,Risk,Medium,3.95,5.64,4.92,75.16,6.3,Medium
986,77.81,Medium,Safe,3.13,9.36,4.62,61.66,6.79,High
987,64.49,Medium,Risk,3.78,3.37,6.43,94.14,10.62,Medium
992,82.2,Medium,Safe,0.14,6.47,4.18,89.23,1.49,Medium
996,51.5,Risk,Medium,6.39,5.97,8.95,69.73,18.72,Low
997,54.29,Risk,Medium,0.37,1.02,5.72,96.12,0.0,Medium
999,86.35,Safe,Medium,3.18,7.74,4.26,74.31,7.36,High
1013,62.49,Medium,Risk,4.05,2.43,6.34,98.27,5.77,Medium
1023,61.01,Medium,Risk,1.65,2.03,5.3,98.89,2.64,Medium
1056,59.14525840213293,Risk,Medium,7.9,8.11,7.79,70.02,19.71,Low
1063,60.77043702320368,Medium,Risk,7.98,6.72,7.29,87.92,19.83,Low
1066,80.28,Medium,Safe,3.61,8.71,6.58,77.51,10.85,Medium
1067,86.25,Safe,Medium,4.51,8.77,5.48,70.06,10.2,High
1070,51.19,Risk,Medium,7.28,6.76,8.0,83.48,12.98,Low
1075,67.02117237709824,Medium,Risk,2.5,1.44,6.32,83.31,5.64,Medium
1077,89.33748398847271,Safe,Medium,5.37,8.57,5.8,67.83,14.26,High
1080,81.11,Medium,Safe,0.37,7.37,4.47,67.11,0.77,High
1084,58.73,Risk,Medium,4.3,4.89,5.95,91.24,11.93,Medium
1092,60.68911539561161,Medium,Risk,7.8,7.63,4.99,83.57,20.13,High
1107,94.69156922472176,Safe,Medium,7.84,8.72,8.63,79.91,23.16,Low
1124,83.99,Medium,Safe,4.44,9.66,5.0,82.22,7.66,High
1131,66.75,Medium,Risk,2.42,4.7,4.26,63.54,6.31,Medium
1132,86.42,Safe,Medium,1.6,3.1,8.8,95.86,6.06,Medium
1136,80.56356282670748,Medium,Safe,5.38,7.86,7.49,85.76,11.02,Low
1138,82.83,Medium,Safe,0.37,7.45,5.58,89.27,1.51,High
1146,47.12,Risk,Medium,0.7,1.76,4.7,87.22,3.89,Medium
1155,81.54933795554894,Medium,Safe,7.65,9.89,8.15,93.68,17.1,Low
1159,91.59888154329444,Safe,Medium,3.05,7.44,6.84,62.8,7.28,Medium
1165,85.63,Safe,Medium,1.7,5.13,7.29,95.06,4.0,Medium
1171,59.65,Risk,Medium,6.46,6.47,8.76,83.76,15.72,Low
1181,59.63,Risk,Medium,6.5,6.57,8.02,79.08,12.92,Low
1183,60.25,Medium,Risk,2.07,3.75,5.22,68.01,5.76,Medium
1185,88.71083239353973,Safe,Medium,1.89,5.96,6.78,72.45,5.33,Medium
1190,48.99,Risk,Medium,5.05,6.66,4.05,87.16,15.26,Low
1194,68.74660069135095,Medium,Risk,4.73,2.93,6.86,96.03,13.81,Medium
1199,88.73324417570574,Safe,Medium,5.03,7.03,5.8,86.46,11.27,High
1202,85.54,Safe,Medium,1.95,3.61,8.51,72.29,4.68,Medium
1203,59.41,Risk,Medium,1.55,4.44,4.03,72.6,5.39,Medium
1207,59.23,Risk,Medium,1.94,1.83,6.48,95.35,5.44,Medium
1208,58.38,Risk,Medium,4.76,6.94,5.28,77.07,11.48,Medium
1209,67.54163031237745,Medium,Risk,7.07,5.92,7.62,70.94,17.26,Low
1217,87.6595224598915,Safe,Medium,5.65,7.03,8.23,75.44,13.7,Low
1220,61.15,Medium,Risk,5.1,2.76,8.34,98.61,11.44,Low
1225,59.24,Risk,Medium,2.76,3.13,8.25,77.41,6.45,Medium
1228,86.28924522753624,Safe,Medium,3.07,6.73,5.06,62.14,7.86,Medium
1233,82.79,Medium,Safe,2.76,7.03,7.43,71.6,7.62,Medium
1250,83.57,Medium,Safe,2.08,7.56,6.27,64.18,4.36,Medium
1252,61.94,Medium,Risk,3.0,2.9,5.29,98.87,7.59,Medium
1264,84.58,Medium,Safe,1.62,7.45,5.43,84.95,10.9,High
1285,67.3,Medium,Risk,3.67,2.24,8.11,70.81,5.35,Medium
1289,84.84,Medium,Safe,4.66,8.25,6.4,95.49,12.3,Medium
1292,81.61,Medium,Safe,3.63,8.37,4.57,93.08,10.49,High
1301,91.50252958123971,Safe,Medium,5.67,8.26,6.08,98.8,15.41,Low
1308,55.53,Risk,Medium,2.76,3.4,6.05,79.27,6.9,Medium
1323,61.07438669394042,Medium,Risk,2.4,3.53,5.39,76.16,5.13,Medium
1328,56.75,Risk,Medium,3.14,4.62,5.14,89.34,9.59,Medium
1340,90.27,Safe,Medium,1.26,4.28,7.93,96.28,3.56,Medium
1341,59.2,Risk,Medium,0.17,2.44,6.92,64.73,3.83,Medium
1343,85.84,Safe,Medium,0.6,6.0,5.14,87.4,2.89,Medium
1347,60.66,Medium,Risk,1.97,1.09,7.84,75.35,9.32,Medium
1353,88.34,Safe,Medium,1.8,4.48,6.38,96.62,8.96,Medium
1356,64.42,Medium,Risk,1.35,1.74,4.77,82.88,5.64,Medium
1357,61.6,Medium,Risk,5.84,6.79,5.13,87.59,10.42,Low
1364,87.76,Safe,Medium,1.43,4.97,6.35,92.58,4.82,Medium
1369,86.27,Safe,Medium,2.98,9.24,4.04,60.38,8.22,High
1376,82.73,Medium,Safe,4.08,8.77,6.53,76.08,8.87,Medium
1383,55.47,Risk,Medium,0.78,2.69,4.3,83.22,1.25,Medium
1388,72.08775226068668,Medium,Risk,7.09,7.23,6.43,77.49,14.27,Low
1391,58.04,Risk,Medium,4.9,7.01,7.5,74.0,9.48,Medium
1392,85.46,Safe,Medium,3.42,8.78,4.32,77.93,11.54,High
1394,62.6459388433947,Medium,Risk,2.95,2.13,5.56,96.71,7.13,Medium
1407,77.12801939720653,Medium,Safe,5.76,8.56,7.16,93.31,14.54,Low
1411,87.52558276038593,Safe,Medium,6.69,8.31,7.9,86.67,15.53,Low
1413,82.05,Medium,Safe,4.44,9.52,5.23,75.84,8.13,High
1427,65.23911967044475,Medium,Risk,4.91,2.54,8.79,70.7,10.53,Medium
1438,52.01,Risk,Medium,0.73,1.19,7.72,70.19,5.35,Medium
1444,66.15,Medium,Risk,2.69,1.38,8.94,69.29,3.58,Medium
1449,78.1,Medium,Safe,0.0,6.28,5.41,88.19,6.03,Medium
1452,80.16,Medium,Safe,4.08,7.31,7.68,94.12,7.87,Medium
1457,55.82318207579687,Risk,Medium,7.97,9.85,4.36,83.8,16.09,High
1463,89.63,Safe,Medium,0.85,6.57,4.09,91.24,1.45,Medium
1469,59.86,Risk,Medium,5.59,5.54,7.86,83.02,9.23,Low
1475,97.89092164488488,Safe,Medium,1.3,3.72,7.82,89.78,3.87,Medium
1479,55.8,Risk,Medium,3.04,4.69,6.52,61.98,7.54,Medium
1492,56.603513858340094,Risk,Medium,7.71,8.91,4.86,74.23,14.8,High
1495,55.98,Risk,Medium,4.81,5.1,7.53,81.62,14.51,Medium
1497,85.5,Safe,Medium,1.61,5.68,6.66,67.85,3.66,Medium
1513,62.02468648511225,Medium,Risk,3.87,2.39,8.57,73.11,11.01,Medium
1519,88.0,Safe,Medium,1.16,4.71,6.88,94.55,3.96,Medium
1521,60.87,Medium,Risk,3.91,4.46,6.88,66.05,9.7,Medium
1527,84.54,Medium,Safe,2.79,8.53,7.25,69.77,6.22,Medium
1532,87.43,Safe,Medium,3.95,6.35,7.38,93.89,11.84,Medium
1533,64.09,Medium,Risk,3.99,4.25,6.61,80.58,14.51,Medium
1538,60.56,Medium,Risk,2.61,2.02,5.23,88.27,4.81,Medium
1546,79.14,Medium,Safe,0.05,4.8,6.13,96.7,0.0,Medium
1547,63.34,Medium,Risk,1.72,1.87,4.96,86.69,6.68,Medium
1552,87.62000317099327,Safe,Medium,5.15,9.54,5.9,71.46,8.86,High
1566,81.0,Medium,Safe,2.73,7.18,6.17,93.08,6.32,Medium
1587,86.4830740427617,Safe,Medium,5.34,8.29,5.81,70.81,11.43,High
1588,53.33,Risk,Medium,0.64,2.26,5.75,77.79,0.19,Medium
1597,56.24,Risk,Medium,4.85,6.68,5.03,71.13,10.1,Medium
1598,83.76,Medium,Safe,3.85,8.17,5.96,91.33,10.5,High
1601,59.46,Risk,Medium,3.95,6.03,5.27,64.15,5.78,Medium
1605,53.38,Risk,Medium,2.1,4.45,4.4,69.07,6.41,Medium
1620,53.25,Risk,Medium,0.42,1.39,7.39,72.98,0.0,Medium
1621,89.52,Safe,Medium,2.04,5.49,6.88,85.27,3.08,Medium
1626,54.96,Risk,Medium,4.36,5.69,5.73,68.69,11.89,Medium
1629,69.54978723104247,Medium,Risk,4.13,3.59,6.31,63.59,8.39,Medium
1633,88.07,Safe,Medium,1.75,7.22,5.06,72.26,3.54,High
1647,62.5421175763498,Medium,Risk,4.15,1.69,8.35,95.53,11.66,Medium
1661,64.62,Medium,Risk,5.19,5.64,4.53,96.97,11.32,Low
1665,80.55556820012251,Medium,Safe,5.18,7.59,8.64,76.83,11.14,Low
1666,63.15608330204601,Medium,Risk,7.27,5.15,6.77,92.01,13.86,Low
1667,88.91,Safe,Medium,3.33,7.09,6.24,92.15,8.04,Medium
1673,63.12,Medium,Risk,3.95,3.42,7.6,83.78,7.1,Medium
1680,44.9,Risk,Medium,0.34,2.93,4.67,65.85,1.94,Medium
1681,61.227763024349386,Medium,Risk,7.75,7.58,4.6,90.22,20.83,High
1684,91.95,Safe,Medium,1.18,4.75,8.76,75.51,5.9,Medium
1690,88.30906279905216,Safe,Medium,5.6,9.41,6.33,66.03,10.57,Low
1694,52.24867624978114,Risk,Medium,7.74,8.01,4.99,95.87,15.51,High
1700,59.74,Risk,Medium,5.49,6.32,6.79,90.1,15.21,Low
1709,66.17,Medium,Risk,1.65,4.18,4.21,60.07,2.88,Medium
1718,57.75,Risk,Medium,4.4,5.57,6.95,67.27,10.66,Medium
1721,83.98685647617982,Medium,Safe,4.59,8.83,6.52,99.68,8.08,Medium
1732,56.94,Risk,Medium,5.96,6.63,7.2,67.79,10.49,Low
1746,59.97,Risk,Medium,0.27,1.96,6.17,73.81,2.37,Medium
1748,82.45,Medium,Safe,2.28,6.71,6.8,85.1,3.96,Medium
1754,63.78889739066764,Medium,Risk,5.07,3.64,5.93,97.69,14.31,Low
1761,52.86,Risk,Medium,0.13,1.81,6.74,95.81,4.31,Medium
1778,87.89,Safe,Medium,1.84,6.33,5.97,77.44,2.56,Medium
1789,82.24,Medium,Safe,2.28,8.18,5.76,66.67,5.66,High
1793,85.69649071631166,Safe,Medium,5.46,9.03,7.3,60.1,8.89,Low
1796,57.92,Risk,Medium,0.5,3.29,5.92,75.73,5.12,Medium
1803,78.77,Medium,Safe,0.33,7.24,4.91,64.91,6.26,High
1807,56.234026868010105,Risk,Medium,7.66,7.66,5.84,95.15,17.33,High
1810,87.95,Safe,Medium,1.3,5.11,7.42,85.71,4.52,Medium
1820,79.78,Medium,Safe,2.52,7.8,6.2,74.19,7.86,Medium
1821,90.23,Safe,Medium,1.31,3.4,7.58,95.78,5.7,Medium
1822,79.35,Medium,Safe,0.32,4.45,8.12,80.31,0.0,Medium
1838,81.49,Medium,Safe,2.79,9.21,4.21,84.29,3.69,High
1841,61.08,Medium,Risk,5.15,2.81,8.67,87.31,11.51,Low
1851,56.92,Risk,Medium,5.92,5.08,7.83,95.22,11.61,Low
1899,85.03219261676732,Safe,Medium,7.43,9.14,7.14,85.87,15.41,Low
1903,61.78630486274652,Medium,Risk,2.33,1.49,7.04,73.5,6.24,Medium
1907,90.19507071507132,Safe,Medium,5.66,8.9,5.89,81.31,13.42,High
1911,95.48440846348372,Safe,Medium,3.75,6.92,7.18,88.91,5.83,Medium
1920,86.53,Safe,Medium,3.56,7.28,7.6,74.48,6.19,Medium
1921,91.72,Safe,Medium,2.71,6.68,7.45,63.13,8.57,Medium
1922,77.38173713291891,Medium,Safe,6.79,9.47,7.45,97.4,14.77,Low
1925,56.7,Risk,Medium,0.84,2.93,5.51,69.62,4.25,Medium
1927,56.22092494588872,Risk,Medium,7.82,7.24,5.96,93.14,15.58,High
1955,58.11,Risk,Medium,4.37,4.5,7.14,73.96,10.52,Medium
1961,82.87,Medium,Safe,4.92,9.59,6.39,80.35,10.55,Medium
1962,61.29,Medium,Risk,2.57,2.82,5.93,82.31,6.75,Medium
1968,55.92,Risk,Medium,7.33,6.74,7.24,96.05,17.58,Low
1971,82.34,Medium,Safe,0.82,7.36,4.44,84.94,3.68,High
1972,62.1333438051394,Medium,Risk,7.24,7.79,4.59,63.01,21.21,High
1977,93.3394839001055,Safe,Medium,4.23,6.58,7.99,78.42,13.05,Medium
1980,100.0,Safe,Medium,5.46,9.01,4.69,89.51,11.61,High
1999,62.39,Medium,Risk,5.97,6.68,6.69,63.46,10.1,Low
2002,59.18,Risk,Medium,7.22,6.65,8.97,83.8,17.18,Low
2007,62.95,Medium,Risk,4.35,5.54,4.45,76.31,8.97,Medium
2012,86.42399769997512,Safe,Medium,6.4,8.86,6.79,64.93,17.34,Low
2022,84.95,Medium,Safe,1.95,7.01,5.98,77.71,1.55,High
2041,55.95912097344082,Risk,Medium,7.98,8.6,5.04,77.3,18.24,High
2049,57.88,Risk,Medium,4.39,4.73,5.89,88.73,10.61,Medium
2057,84.40680321735825,Medium,Safe,6.66,9.61,8.01,82.11,11.16,Low
2061,58.48,Risk,Medium,0.03,1.43,6.59,68.45,2.29,Medium
2064,86.58503219895216,Safe,Medium,5.76,8.94,4.99,99.89,15.04,High
2067,60.72,Medium,Risk,6.09,5.22,7.98,81.97,16.57,Low
2068,59.37849981658927,Risk,Medium,6.66,7.51,4.12,86.66,16.05,High
2076,60.10906780925567,Medium,Risk,7.93,7.54,6.83,78.27,18.66,Low
2083,81.17,Medium,Safe,1.19,7.09,5.86,74.24,2.08,High
2088,88.03504187821814,Safe,Medium,6.32,8.18,8.76,70.12,9.74,Low
2093,90.0924636367911,Safe,Medium,0.79,5.73,4.03,95.6,4.49,Medium
2098,54.19,Risk,Medium,6.66,6.75,8.96,73.49,9.24,Low
2102,84.43,Medium,Safe,0.64,6.7,7.51,66.25,2.29,Medium
2110,83.29,Medium,Safe,4.3,9.51,8.05,60.15,9.62,Medium
2117,88.17879044662666,Safe,Medium,4.2,7.91,6.19,83.88,14.47,Medium
2122,63.26,Medium,Risk,6.09,4.83,8.56,83.51,10.82,Low
2125,90.08143238157515,Safe,Medium,1.73,6.72,5.74,68.26,8.67,Medium
2130,82.92,Medium,Safe,4.28,9.75,5.01,90.62,8.29,High
2131,60.18,Medium,Risk,2.5,2.51,5.45,97.77,9.69,Medium
2153,70.3526789428805,Medium,Risk,7.19,7.36,5.74,73.75,17.11,High
2156,73.77716737669323,Medium,Risk,4.41,2.53,8.32,91.16,10.52,Medium
2162,93.28,Safe,Medium,2.9,6.84,7.8,74.72,5.87,Medium
2167,85.49,Safe,Medium,0.97,3.32,8.68,94.66,4.4,Medium
2168,96.02206411897188,Safe,Medium,1.77,5.58,4.97,91.14,5.7,Medium
2188,60.45,Medium,Risk,6.03,6.98,5.67,65.22,14.75,Low
2196,86.8763068014031,Safe,Medium,6.37,8.84,6.56,78.38,15.45,Low
2198,76.0,Medium,Safe,2.26,7.52,5.62,82.61,6.82,High
2199,83.96,Medium,Safe,4.67,8.38,8.89,64.3,6.69,Medium
2209,68.53544948852071,Medium,Risk,3.08,1.63,6.8,86.97,5.84,Medium
2230,86.88515019935502,Safe,Medium,5.55,8.28,6.89,87.82,14.59,Low
2234,62.3117063816112,Medium,Risk,5.27,3.6,8.08,87.23,15.03,Low
2246,88.91,Safe,Medium,1.82,5.99,7.02,71.71,4.62,Medium
2249,61.73,Medium,Risk,4.52,5.2,5.71,64.37,11.92,Medium
2259,85.56,Safe,Medium,1.63,6.22,7.07,72.02,3.24,Medium
2261,79.51,Medium,Safe,0.06,4.73,7.76,77.55,3.69,Medium
2262,64.92,Medium,Risk,5.45,6.31,5.23,71.63,16.99,Low
2266,78.15,Medium,Safe,3.84,8.82,5.59,85.23,5.72,High
2271,59.09,Risk,Medium,1.77,4.57,4.44,77.88,6.41,Medium
2276,59.71,Risk,Medium,3.81,5.35,8.01,74.6,7.57,Medium
2283,63.04,Medium,Risk,3.26,4.29,5.58,62.67,9.44,Medium
2294,63.75,Medium,Risk,5.37,4.23,6.83,99.91,10.7,Low
2305,64.77,Medium,Risk,4.24,4.75,6.52,75.31,8.4,Medium
2308,87.71277062261544,Safe,Medium,5.03,9.12,6.62,62.17,9.03,Low
2316,48.28,Risk,Medium,0.21,1.5,6.42,66.55,2.79,Medium
2337,67.83,Medium,Risk,2.57,1.05,7.83,83.36,8.68,Medium
2345,57.63146764567644,Risk,Medium,7.57,8.52,4.55,74.4,17.98,High
2348,77.55,Medium,Safe,3.11,8.08,4.69,89.17,6.9,High
2350,57.76,Risk,Medium,1.84,2.61,6.86,71.18,6.72,Medium
2368,58.81,Risk,Medium,1.16,1.01,8.58,63.47,7.69,Medium
2376,55.9,Risk,Medium,4.21,5.14,5.57,82.58,14.0,Medium
2378,60.010792203154836,Medium,Risk,7.45,7.23,5.65,74.61,16.8,High
2397,71.96696461468457,Medium,Risk,1.38,1.41,6.6,71.23,7.6,Medium
2436,80.03,Medium,Safe,3.95,9.28,6.74,61.84,11.67,Medium
2437,56.567290952151225,Risk,Medium,6.86,7.83,5.23,95.63,15.59,High
2440,51.13,Risk,Medium,0.86,2.0,4.99,85.73,5.63,Medium
2451,60.34,Medium,Risk,4.43,3.87,7.19,73.09,11.54,Medium
2455,60.61,Medium,Risk,5.29,3.55,8.04,85.51,14.41,Low
2458,88.05029953509907,Safe,Medium,6.25,7.62,6.93,92.48,13.37,Low
2461,61.84694840810263,Medium,Risk,4.65,2.9,8.35,65.89,10.66,Medium
2470,82.95,Medium,Safe,2.95,8.39,6.8,76.82,7.72,Medium
2479,83.85,Medium,Safe,2.17,9.2,4.54,61.14,4.52,High
2481,82.79,Medium,Safe,1.83,7.51,5.88,78.29,5.2,High
2482,93.2216897380731,Safe,Medium,1.27,5.8,4.96,91.52,5.21,Medium
2497,89.26,Safe,Medium,3.37,8.01,5.16,81.65,8.78,High
2498,87.33,Safe,Medium,3.56,7.78,6.4,81.6,7.53,Medium
2500,70.13780044288845,Medium,Risk,2.89,3.79,6.23,64.71,7.87,Medium
2508,84.35,Medium,Safe,0.87,7.58,5.28,76.41,0.56,High
2518,65.96695533136885,Medium,Risk,6.99,7.34,4.63,75.64,19.82,High
2520,54.13,Risk,Medium,3.98,5.59,4.89,80.58,5.42,Medium
2524,83.7,Medium,Safe,3.66,9.84,7.34,66.13,6.94,Medium
2542,77.96803814272724,Medium,Safe,6.68,8.94,7.51,86.76,16.3,Low
2561,85.17863089272731,Safe,Medium,5.7,7.18,8.49,89.52,11.87,Low
2563,85.22,Safe,Medium,4.56,8.12,6.47,70.01,14.35,Medium
2575,82.99,Medium,Safe,1.25,6.9,4.53,95.52,6.19,Medium
2590,60.88418877051268,Medium,Risk,0.9,1.39,4.16,98.06,4.53,Medium
2598,85.80097484701058,Safe,Medium,0.81,4.02,8.67,79.21,4.23,Medium
2599,96.29,Safe,Medium,1.12,4.15,8.37,84.11,3.64,Medium
2605,59.07,Risk,Medium,2.74,2.85,7.91,68.01,8.71,Medium
2607,66.29,Medium,Risk,1.94,3.8,4.64,70.19,10.32,Medium
2612,85.49837818759713,Safe,Medium,6.71,9.94,7.71,62.3,14.86,Low
2618,57.63896348405606,Risk,Medium,4.92,8.17,4.23,65.15,9.41,High
2624,60.19,Medium,Risk,3.46,3.77,7.02,68.65,10.21,Medium
2634,74.59,Medium,Safe,0.37,6.03,5.81,73.01,1.19,Medium
2645,83.87262701516076,Medium,Safe,5.8,8.95,8.95,82.04,11.53,Low
2653,82.05,Medium,Safe,1.37,8.44,4.22,77.29,1.92,High
2655,50.42,Risk,Medium,0.16,1.81,5.73,76.96,3.34,Medium
2662,93.56051152983478,Safe,Medium,1.48,6.73,5.33,81.89,1.68,Medium
2663,56.45831823009436,Risk,Medium,7.78,8.93,4.85,76.34,16.09,High
2665,94.92768856639016,Safe,Medium,6.67,8.46,7.1,97.23,13.76,Low
2684,84.64,Medium,Safe,0.2,4.13,7.64,89.97,3.75,Medium
2698,83.49,Medium,Safe,2.14,8.97,6.08,73.28,7.69,Medium
2703,79.6,Medium,Safe,4.86,8.66,8.14,63.65,8.8,Medium
2704,86.74,Safe,Medium,0.98,4.55,6.66,94.64,3.15,Medium
2708,86.67,Safe,Medium,1.84,5.94,6.7,86.59,2.1,Medium
2719,59.58,Risk,Medium,1.87,5.24,4.96,93.71,5.46,Medium
2728,62.49,Medium,Risk,5.72,3.9,8.32,90.72,12.99,Low
2754,58.64,Risk,Medium,0.5,2.37,6.67,74.45,1.92,Medium
2757,85.83020035636137,Safe,Medium,4.11,6.22,7.1,71.46,12.66,Medium
2758,83.56,Medium,Safe,3.25,9.6,4.96,76.99,10.24,High
2767,59.37,Risk,Medium,3.93,5.77,6.09,62.89,7.34,Medium
2769,88.19,Safe,Medium,2.33,6.48,6.93,79.89,11.24,Medium
2770,57.753568789668726,Risk,Medium,6.46,7.54,4.1,76.41,15.22,High
2773,87.22,Safe,Medium,1.51,5.12,6.84,92.11,2.35,Medium
2775,65.58,Medium,Risk,2.54,3.66,4.8,82.89,8.97,Medium
2778,56.32,Risk,Medium,6.15,4.77,8.1,97.31,16.34,Low
2800,48.72,Risk,Medium,0.15,2.41,5.84,60.33,3.57,Medium
2816,83.77,Medium,Safe,0.39,4.81,7.67,86.21,6.54,Medium
2822,85.85,Safe,Medium,1.04,6.47,4.28,77.01,5.65,Medium
2823,59.58288194216652,Risk,Medium,6.73,7.55,5.79,62.69,12.83,High
2833,89.39,Safe,Medium,3.15,7.61,6.25,75.62,6.66,Medium
2835,89.08710313742662,Safe,Medium,3.26,7.62,5.3,87.96,6.91,High
2857,59.27,Risk,Medium,3.44,4.4,6.0,83.93,8.76,Medium
2861,43.17,Risk,Medium,0.52,3.54,4.62,67.28,2.68,Medium
2867,86.37,Safe,Medium,3.51,8.08,4.45,74.66,9.68,High
2868,94.62021725862692,Safe,Medium,6.4,8.16,8.39,76.49,10.78,Low
2879,83.33,Medium,Safe,2.37,8.59,5.67,65.19,7.92,High
2881,84.63,Medium,Safe,0.15,4.77,7.54,87.69,4.02,Medium
2884,58.02,Risk,Medium,4.97,4.19,7.88,95.02,12.6,Medium
2887,92.72324036280374,Safe,Medium,5.54,7.79,7.78,84.13,10.53,Low
2892,60.02,Medium,Risk,5.73,4.31,8.09,70.51,12.24,Low
2906,82.56011356669995,Medium,Safe,7.11,9.2,8.22,80.17,21.24,Low
2916,66.58686502259286,Medium,Risk,6.17,5.09,8.39,65.19,15.75,Low
2950,57.75,Risk,Medium,7.14,6.88,7.82,83.11,16.47,Low
2957,64.31082842886778,Medium,Risk,5.2,6.55,4.14,82.03,11.59,Low
2960,90.12798407487033,Safe,Medium,7.51,9.8,6.5,74.04,15.08,Low
2968,90.9531923968591,Safe,Medium,5.42,9.41,6.7,61.18,15.68,Low
2972,83.9737330656425,Medium,Safe,7.29,9.03,8.43,91.85,17.74,Low
2977,89.16,Safe,Medium,2.98,8.29,4.82,76.0,6.92,High
2980,85.55,Safe,Medium,4.59,8.02,5.33,98.96,9.92,High
2992,79.34,Medium,Safe,0.33,4.19,8.25,81.79,2.9,Medium
2997,56.48,Risk,Medium,3.34,6.45,4.93,67.89,8.33,Medium
3030,61.35,Medium,Risk,2.47,3.15,4.99,75.43,5.34,Medium
3038,57.99,Risk,Medium,5.28,5.84,5.8,90.85,11.37,Low
3046,52.09,Risk,Medium,0.1,1.55,6.8,69.54,0.27,Medium
3057,88.19547453164512,Safe,Medium,1.62,4.93,7.66,90.48,4.95,Medium
3065,81.58381206586522,Medium,Safe,2.21,7.38,7.47,61.99,3.22,Medium
3067,60.12,Medium,Risk,5.28,6.07,4.38,82.4,13.09,Low
3073,82.66,Medium,Safe,2.29,7.58,6.44,64.41,4.27,Medium
3075,79.45,Medium,Safe,0.53,6.15,6.36,69.39,3.4,Medium
3079,83.91,Medium,Safe,2.94,6.79,7.26,99.64,8.18,Medium
3085,53.73,Risk,Medium,6.15,6.57,6.13,85.86,10.27,Low
3094,59.67278645960547,Risk,Medium,2.56,5.07,5.22,65.8,3.1,Medium
3095,55.93,Risk,Medium,4.58,6.49,7.47,68.82,10.07,Medium
3101,82.72,Medium,Safe,0.43,3.91,8.5,87.86,1.11,Medium
3109,83.95,Medium,Safe,2.94,7.95,7.41,62.19,13.62,Medium
3115,81.58429059016586,Medium,Safe,5.87,9.05,8.13,71.42,12.42,Low
3124,85.20607497088425,Safe,Medium,5.73,8.7,5.2,87.58,12.11,High
3131,54.22,Risk,Medium,0.17,1.34,5.93,92.88,2.04,Medium
3137,48.72,Risk,Medium,0.96,1.05,8.2,88.6,4.48,Medium
3138,85.15,Safe,Medium,1.69,4.63,8.57,87.6,4.43,Medium
3146,58.71,Risk,Medium,2.45,3.02,5.86,93.57,7.23,Medium
3147,60.93,Medium,Risk,6.13,6.05,6.06,90.74,16.89,Low
3149,85.62,Safe,Medium,3.27,7.91,5.23,66.44,10.77,High
3159,61.36,Medium,Risk,1.24,1.62,4.1,95.17,2.43,Medium
3174,77.91,Medium,Safe,4.42,9.06,5.3,91.58,6.27,High
3182,84.95,Medium,Safe,3.69,7.33,7.39,90.51,12.62,Medium
3198,83.52,Medium,Safe,2.3,6.97,6.12,99.32,5.85,Medium
3200,60.59,Medium,Risk,6.87,6.42,6.99,64.37,18.28,Low
3201,84.62,Medium,Safe,3.74,9.86,4.14,86.81,9.05,High
3221,67.7,Medium,Risk,2.91,3.65,6.06,72.31,8.95,Medium
3224,66.9802670376812,Medium,Risk,7.68,8.35,7.13,61.88,15.41,Low
3231,77.15197132714061,Medium,Safe,6.48,9.13,6.06,97.59,15.77,Low
3233,54.87,Risk,Medium,4.04,3.33,7.72,87.16,6.19,Medium
3245,58.17,Risk,Medium,1.16,2.08,7.73,63.65,2.03,Medium
3250,65.65029842634154,Medium,Risk,5.04,5.53,5.68,75.86,12.59,Low
3263,60.3,Medium,Risk,1.66,2.62,4.11,95.34,9.34,Medium
3276,56.23,Risk,Medium,0.11,2.59,4.37,91.41,4.05,Medium
3285,57.49,Risk,Medium,3.0,4.05,8.85,71.12,9.14,Medium
3293,84.37,Medium,Safe,0.44,5.87,5.52,91.67,0.0,Medium
3317,60.28,Medium,Risk,3.0,2.05,7.69,79.22,8.98,Medium
3324,83.34,Medium,Safe,0.08,6.47,8.06,72.48,5.26,Medium
3326,56.33,Risk,Medium,4.85,5.69,7.27,62.06,13.04,Medium
3335,84.73,Medium,Safe,2.63,6.74,8.44,63.46,6.84,Medium
3341,82.68381259990215,Medium,Safe,5.31,9.41,6.79,61.89,13.27,Low
3351,88.71,Safe,Medium,4.94,9.78,6.52,61.52,12.73,Medium
3360,61.64389116766091,Medium,Risk,6.75,6.78,7.07,61.18,14.78,Low
3361,59.06,Risk,Medium,3.49,4.32,5.17,99.31,9.19,Medium
3382,61.19,Medium,Risk,5.18,6.37,4.53,83.92,8.92,Low
3391,68.12,Medium,Risk,5.87,4.7,6.98,99.74,12.29,Low
3411,88.52,Safe,Medium,3.69,6.43,7.66,76.95,7.24,Medium
3413,49.54,Risk,Medium,2.51,2.1,8.44,70.6,5.06,Medium
3420,85.98,Safe,Medium,1.77,5.22,4.92,99.55,4.9,Medium
3421,87.17414670150777,Safe,Medium,3.65,7.78,4.87,96.29,10.19,High
3434,55.33,Risk,Medium,5.43,5.21,8.95,90.88,13.98,Low
3440,51.28,Risk,Medium,6.82,4.9,8.96,97.36,12.37,Low
3466,62.0,Medium,Risk,3.67,3.92,5.2,99.9,7.65,Medium
3476,85.37809269072731,Safe,Medium,5.35,8.38,5.37,70.13,9.35,High
3482,87.00756780001232,Safe,Medium,6.35,7.56,7.51,90.77,14.02,Low
3487,89.96769705757842,Safe,Medium,5.59,9.27,5.94,82.04,15.15,High
3500,63.71,Medium,Risk,1.66,1.35,5.55,93.55,8.64,Medium
3507,77.54,Medium,Safe,3.02,7.84,8.06,73.13,10.17,Medium
3509,89.63,Safe,Medium,4.86,8.5,5.64,96.2,11.25,High
3511,80.85,Medium,Safe,3.51,8.5,7.53,69.29,8.59,Medium
3522,81.0,Medium,Safe,5.71,6.97,8.6,94.68,13.49,Low
3525,58.14,Risk,Medium,5.02,6.93,5.28,73.31,14.52,Low
3536,80.12,Medium,Safe,4.06,8.42,5.35,97.43,8.67,High
3543,80.25833790116695,Medium,Risk,6.3,7.1,6.78,61.7,12.11,Low
3551,88.83,Safe,Medium,3.21,6.41,5.84,94.23,8.49,Medium
3554,58.22,Risk,Medium,4.32,5.28,5.95,95.57,9.9,Medium
3556,52.9,Risk,Medium,7.98,6.81,7.64,99.84,14.75,Low
3572,83.36,Medium,Safe,0.73,6.94,4.75,98.6,3.97,Medium
3579,65.18,Medium,Risk,4.4,6.21,4.71,67.98,8.83,Medium
3599,53.49,Risk,Medium,6.6,6.55,7.69,86.83,15.21,Low
3603,51.47,Risk,Medium,0.62,2.92,4.07,71.17,0.74,Medium
3614,90.29019200488388,Safe,Medium,2.3,5.66,7.45,67.59,3.62,Medium
3626,92.51479498377525,Safe,Medium,2.22,6.57,4.67,86.25,2.84,Medium
3628,89.22,Safe,Medium,3.1,7.22,6.47,77.32,9.31,Medium
3633,70.35,Medium,Safe,0.2,5.49,6.84,73.16,3.9,Medium
3637,86.38,Safe,Medium,1.35,3.64,8.54,81.49,7.0,Medium
3639,80.75,Medium,Safe,0.4,4.87,6.64,99.03,1.66,Medium
3643,75.27733383777644,Medium,Risk,6.17,7.05,6.56,67.6,9.51,Low
3649,74.52,Medium,Safe,0.14,6.11,5.29,92.24,2.17,Medium
3651,78.1,Medium,Safe,3.45,8.84,4.51,85.52,7.21,High
3663,62.7,Medium,Risk,2.5,2.43,4.65,99.92,4.99,Medium
3665,93.02392390435298,Safe,Medium,1.65,5.88,5.42,73.46,6.83,Medium
3669,88.39065812357094,Safe,Medium,3.78,6.39,5.94,95.08,9.69,Medium
3670,91.91,Safe,Medium,1.54,5.72,8.5,62.84,3.09,Medium
3683,58.51,Risk,Medium,0.92,2.33,6.93,64.35,2.95,Medium
3699,59.43,Risk,Medium,4.96,6.23,6.26,76.39,12.48,Medium
3704,68.17,Medium,Risk,0.68,1.24,5.94,76.47,0.44,Medium
3708,83.92,Medium,Safe,0.85,7.5,5.33,79.5,5.64,High
3733,87.09320020549467,Safe,Medium,5.18,7.61,6.04,77.47,10.34,Low
3735,87.63938067395253,Safe,Medium,6.21,8.54,7.06,91.0,14.73,Low
3748,96.00323037145546,Safe,Medium,3.43,6.98,6.55,80.53,8.45,Medium
3767,89.43,Safe,Medium,2.38,6.85,5.38,88.52,8.71,Medium
3778,48.11,Risk,Medium,0.74,3.35,4.82,73.03,2.75,Medium
3783,72.38248427722482,Medium,Risk,2.41,1.32,7.38,95.43,5.96,Medium
3793,83.74,Medium,Safe,0.11,3.98,8.98,74.74,4.23,Medium
3797,85.57,Safe,Medium,4.11,8.77,6.29,66.99,11.78,Medium
3803,66.7260259620361,Medium,Risk,5.55,6.01,7.1,66.36,12.03,Low
3805,81.95,Medium,Safe,2.84,5.96,8.18,87.18,2.38,Medium
3812,54.54,Risk,Medium,0.37,3.66,4.63,67.96,1.69,Medium
3814,60.91,Medium,Risk,2.83,2.2,8.01,72.63,9.06,Medium
3823,64.43,Medium,Risk,1.75,1.77,7.66,67.52,5.34,Medium
3833,52.07,Risk,Medium,3.49,3.06,7.29,91.99,7.84,Medium
3845,57.48,Risk,Medium,3.43,5.52,4.58,72.14,5.36,Medium
3852,99.95932033289448,Safe,Medium,1.53,4.65,8.82,63.3,3.49,Medium
3862,92.21948512373164,Safe,Medium,5.63,7.3,6.3,90.44,14.95,Low
3863,87.04,Safe,Medium,2.86,6.89,7.3,73.24,10.0,Medium
3865,84.58644417825894,Medium,Safe,5.15,7.36,8.35,91.12,10.98,Low
3876,62.33,Medium,Risk,1.12,1.26,6.9,74.02,5.39,Medium
3882,86.83,Safe,Medium,4.22,7.59,5.71,83.41,10.21,High
3894,62.29,Medium,Risk,3.56,2.19,5.95,98.33,11.3,Medium
3896,85.66606792505769,Safe,Medium,5.46,7.75,8.71,76.07,7.63,Low
3901,85.42,Safe,Medium,3.02,5.38,8.64,83.37,6.25,Medium
3910,68.72985145797139,Medium,Risk,7.17,7.59,7.28,63.0,17.37,Low
3923,58.83,Risk,Medium,2.62,1.96,8.03,81.83,6.79,Medium
3930,57.18,Risk,Medium,2.64,2.92,7.52,79.83,7.61,Medium
3935,60.69,Medium,Risk,1.62,1.33,6.45,74.46,1.13,Medium
3936,55.28,Risk,Medium,3.27,4.54,4.31,97.96,6.62,Medium
3940,59.19,Risk,Medium,0.03,1.47,8.54,82.6,1.99,Medium
3952,59.69,Risk,Medium,3.58,5.93,6.46,63.86,9.47,Medium
3958,88.18681186758415,Safe,Medium,0.95,6.04,6.03,80.14,3.56,Medium
3962,90.05,Safe,Medium,3.74,7.03,7.68,80.92,10.67,Medium
3963,61.32,Medium,Risk,3.43,2.99,7.07,71.03,12.06,Medium
3985,61.34,Medium,Risk,5.29,5.0,6.62,67.72,11.21,Low
3988,60.02,Medium,Risk,5.25,5.18,4.8,96.72,12.57,Low
3994,86.85,Safe,Medium,2.3,6.04,6.39,89.06,11.38,Medium
4004,60.59152811309706,Medium,Risk,3.71,4.64,4.65,60.79,9.49,Medium
4009,89.6226704450395,Safe,Medium,1.22,4.66,7.4,66.09,3.77,Medium
4012,65.89798196799624,Medium,Risk,7.84,7.91,5.38,70.56,16.64,High
4023,63.23,Medium,Risk,2.44,2.89,4.84,87.18,6.32,Medium
4024,80.23,Medium,Safe,4.94,9.34,7.43,86.47,12.73,Medium
4034,87.76,Safe,Medium,1.51,6.71,5.02,75.41,0.44,Medium
4045,89.7,Safe,Medium,2.37,5.89,7.75,73.4,4.43,Medium
4048,68.77,Medium,Risk,1.87,2.33,6.85,72.94,4.88,Medium
4049,54.36,Risk,Medium,5.14,4.55,8.14,88.19,9.86,Low
4052,58.44,Risk,Medium,0.98,3.4,6.54,66.96,4.16,Medium
4053,88.86242955130578,Safe,Medium,6.42,8.32,7.12,88.54,16.58,Low
4058,57.11,Risk,Medium,6.34,5.86,8.58,77.17,14.64,Low
4062,84.99,Medium,Safe,3.65,9.13,5.63,99.89,7.97,High
4069,91.20976080889824,Safe,Medium,6.63,9.99,7.16,66.23,16.99,Low
4077,87.98642754838725,Safe,Medium,1.52,5.06,5.54,94.95,6.46,Medium
4083,61.14,Medium,Risk,5.47,6.21,5.21,87.44,14.34,Low
4086,60.145987993357096,Medium,Risk,2.61,2.16,6.99,77.61,4.09,Medium
4089,84.03,Medium,Safe,0.18,4.66,8.07,94.6,1.46,Medium
4091,65.18667867727007,Medium,Risk,6.92,7.35,5.15,64.28,13.34,High
4099,53.79,Risk,Medium,0.28,1.64,4.64,98.73,3.72,Medium
4106,59.83,Risk,Medium,2.86,3.99,6.51,64.77,9.4,Medium
4118,83.64716903177693,Medium,Safe,5.87,9.98,7.79,60.15,10.14,Low
4124,59.47,Risk,Medium,3.86,4.54,6.19,86.09,12.08,Medium
4131,66.68,Medium,Risk,4.3,1.74,8.03,97.18,8.9,Medium
4146,47.9,Risk,Medium,0.3,1.36,5.05,93.06,1.34,Medium
4162,60.84,Medium,Risk,1.87,1.12,6.75,85.6,5.49,Medium
4163,62.39,Medium,Risk,3.17,3.76,4.35,98.42,10.57,Medium
4176,86.06,Safe,Medium,1.9,6.38,4.36,92.24,8.88,Medium
4209,57.77,Risk,Medium,3.81,5.4,5.1,80.14,7.27,Medium
4215,86.27,Safe,Medium,0.11,5.5,4.97,81.23,0.0,Medium
4234,94.1722737960531,Safe,Medium,5.2,7.49,8.16,80.61,11.12,Low
4248,85.52,Safe,Medium,0.71,6.82,4.58,76.43,4.21,Medium
4259,88.46449441031899,Safe,Medium,0.31,3.54,7.25,90.88,0.78,Medium
4280,96.39740855966684,Safe,Medium,6.31,8.85,8.58,61.18,17.73,Low
4295,88.35,Safe,Medium,1.17,6.03,6.43,72.53,6.36,Medium
4298,59.79,Risk,Medium,2.74,4.03,5.45,78.43,7.06,Medium
4299,65.16,Medium,Risk,4.55,6.15,4.86,62.26,10.72,Medium
4302,89.8,Safe,Medium,2.94,5.71,7.01,91.74,8.91,Medium
4304,60.96,Medium,Risk,3.38,1.26,7.84,71.58,6.97,Medium
4308,92.47239528343034,Safe,Medium,5.45,9.69,5.03,70.76,12.83,High
4312,85.16,Safe,Medium,1.0,5.75,6.49,76.3,4.59,Medium
4315,83.61,Medium,Safe,0.06,6.95,5.91,94.55,0.0,Medium
4317,87.19,Safe,Medium,2.95,7.93,4.36,86.8,7.11,High
4324,60.02,Medium,Risk,6.2,4.01,8.8,93.41,13.66,Low
4328,82.88736310790757,Medium,Safe,7.08,8.83,8.75,94.39,18.06,Low
4341,84.55,Medium,Safe,3.52,8.43,6.94,68.62,10.6,Medium
4349,60.43,Medium,Risk,2.69,3.86,5.74,65.82,6.15,Medium
4351,65.77,Medium,Risk,5.73,3.72,8.87,97.22,14.53,Low
4352,88.98324493105763,Safe,Medium,4.89,7.44,7.82,79.47,13.45,Medium
4354,53.96,Risk,Medium,2.26,2.69,6.53,86.01,3.11,Medium
4362,86.17,Safe,Medium,2.73,6.19,4.87,81.95,6.12,Medium
4364,83.4,Medium,Safe,0.6,7.42,5.29,76.21,3.41,High
4367,81.46,Medium,Safe,2.34,7.77,7.29,75.54,6.73,Medium
4368,56.11686332822008,Risk,Medium,6.93,8.3,4.57,70.28,20.99,High
4379,62.185583503143,Medium,Risk,7.46,5.65,8.44,75.05,13.68,Low
4383,63.232523698259534,Medium,Risk,3.23,2.15,6.59,87.9,9.76,Medium
4407,64.56,Medium,Risk,1.76,1.86,6.43,77.47,10.4,Medium
4410,84.9460695066112,Medium,Safe,5.48,9.0,6.18,91.61,8.81,Low
4415,85.92092926496484,Safe,Medium,4.86,6.34,7.75,91.75,12.42,Medium
4420,93.44,Safe,Medium,1.71,6.44,5.85,82.34,7.2,Medium
4432,88.3,Safe,Medium,1.54,5.71,7.84,65.31,7.04,Medium
4439,56.22,Risk,Medium,4.78,7.45,6.0,69.93,11.84,Medium
4440,56.91,Risk,Medium,0.09,3.12,5.98,76.85,0.0,Medium
4441,73.01140711546493,Medium,Risk,7.04,7.93,6.73,63.09,15.81,Low
4453,61.07,Medium,Risk,2.63,4.43,4.38,66.44,8.09,Medium
4456,57.55,Risk,Medium,5.79,6.6,8.71,60.63,13.74,Low
4457,81.32,Medium,Safe,0.66,4.78,7.24,97.8,0.92,Medium
4467,88.55204292002914,Safe,Medium,2.78,5.79,6.44,68.38,7.62,Medium
4469,83.63438729291582,Medium,Safe,5.75,8.96,7.15,98.31,12.14,Low
4472,83.73,Medium,Safe,4.12,9.4,8.29,61.43,7.92,Medium
4476,60.96806847485341,Medium,Risk,7.23,7.67,6.3,60.06,12.8,Low
4479,86.08133065184691,Safe,Medium,6.02,9.95,4.5,60.71,9.8,High
4482,79.28,Medium,Safe,0.57,6.73,5.95,66.85,4.57,Medium
4487,89.01649442185493,Safe,Medium,5.81,9.65,6.56,67.18,14.57,Low
4488,56.83,Risk,Medium,5.55,4.65,8.6,95.16,13.25,Low
4499,78.15,Medium,Safe,0.42,7.44,5.42,69.41,2.29,High
4516,92.82209158159708,Safe,Medium,5.39,7.42,5.97,81.88,12.12,High
4518,62.58,Medium,Risk,5.22,3.49,8.19,92.9,14.09,Low
4520,59.67,Risk,Medium,0.8,2.15,5.16,98.89,6.34,Medium
4525,61.53,Medium,Risk,1.54,1.43,4.77,99.21,3.33,Medium
4527,83.82,Medium,Safe,3.24,8.49,5.68,87.43,8.52,High
4537,60.95640138192927,Medium,Risk,4.67,5.31,4.33,80.09,11.85,Medium
4539,58.41,Risk,Medium,2.38,5.62,6.03,69.27,8.26,Medium
4545,60.11,Medium,Risk,3.59,4.34,5.9,74.17,6.95,Medium
4550,82.06,Medium,Safe,0.6,7.34,5.67,65.18,1.69,High
4552,64.01,Medium,Risk,3.05,2.19,6.72,93.77,9.01,Medium
4559,60.860175721591666,Medium,Risk,6.94,7.14,6.23,79.05,16.07,Low
4561,91.35856129607252,Safe,Medium,5.31,7.44,7.83,68.28,15.99,Low
4566,63.19,Medium,Risk,4.3,4.73,4.94,92.03,10.12,Medium
4571,64.03,Medium,Risk,4.93,5.58,5.71,73.41,17.39,Medium
4582,59.06,Risk,Medium,3.27,3.9,6.86,71.51,8.41,Medium
4588,80.73,Medium,Safe,4.8,6.96,8.91,98.06,12.73,Medium
4604,55.22,Risk,Medium,0.85,2.25,5.1,79.89,3.82,Medium
4609,59.54,Risk,Medium,4.31,5.75,4.96,79.12,8.93,Medium
4611,57.93,Risk,Medium,3.95,4.63,5.6,85.18,12.15,Medium
4613,80.53,Medium,Safe,2.15,8.28,5.64,70.27,3.09,High
4618,60.72,Medium,Risk,5.33,4.18,8.13,74.12,11.07,Low
4625,69.99239904973058,Medium,Risk,4.23,3.94,8.06,63.21,10.01,Medium
4628,68.35815300909086,Medium,Risk,3.02,2.16,8.23,60.17,7.78,Medium
4629,84.44,Medium,Safe,3.31,9.16,6.74,73.08,7.55,Medium
4653,79.32,Medium,Safe,2.61,7.93,4.63,93.2,6.72,High
4656,56.0,Risk,Medium,0.8,3.89,5.49,66.24,4.96,Medium
4662,62.5306647053331,Medium,Risk,7.91,8.45,4.41,77.86,16.96,High
4664,69.50509008651692,Medium,Risk,4.16,4.46,5.29,84.73,11.71,Medium
4667,84.86,Medium,Safe,2.6,6.19,7.8,87.55,6.91,Medium
4680,76.58,Medium,Safe,4.09,9.09,5.99,97.51,9.01,High
4683,52.98,Risk,Medium,4.85,7.22,4.31,76.77,8.42,High
4690,82.48,Medium,Safe,0.57,7.86,4.71,60.56,4.58,High
4693,97.41910563523614,Safe,Medium,1.98,4.55,8.26,68.44,7.29,Medium
4708,57.74,Risk,Medium,6.44,6.84,8.26,75.98,13.83,Low
4716,56.46,Risk,Medium,2.6,3.68,5.68,92.04,6.22,Medium
4720,58.54,Risk,Medium,2.17,3.19,6.95,61.77,4.55,Medium
4726,62.43,Medium,Risk,3.1,4.07,4.54,88.81,7.37,Medium
4732,68.14151039738456,Medium,Risk,6.87,7.35,4.13,82.36,20.28,High
4740,87.76,Safe,Medium,1.93,5.3,7.66,60.91,4.44,Medium
4750,67.84872014163939,Medium,Risk,7.47,8.38,4.23,73.46,16.2,High
4756,60.02,Medium,Risk,4.37,4.79,4.71,72.67,11.65,Medium
4761,85.77,Safe,Medium,2.85,4.31,8.53,99.71,10.45,Medium
4770,68.06,Medium,Risk,6.12,6.73,5.99,76.09,18.11,Low
4771,82.86447207365738,Medium,Safe,5.85,9.44,6.52,74.17,12.83,Low
4790,82.0,Medium,Safe,0.85,7.72,5.09,61.35,6.3,High
4796,62.089784336655846,Medium,Risk,5.65,3.79,7.06,78.72,12.46,Low
4806,91.47,Safe,Medium,1.75,7.02,4.76,78.78,7.29,High
4807,58.990010959069274,Risk,Medium,6.97,7.71,6.84,64.62,19.08,Low
4817,86.99620059843873,Safe,Medium,7.27,9.37,8.18,65.9,17.05,Low
4828,63.91,Medium,Risk,1.34,3.3,5.22,62.36,4.35,Medium
4830,56.83,Risk,Medium,4.6,6.41,4.59,80.92,11.8,Medium
4831,70.53606020508536,Medium,Risk,7.82,7.35,7.46,72.33,17.41,Low
4847,94.9,Safe,Medium,3.31,4.83,8.89,97.06,6.78,Medium
4848,69.3,Medium,Risk,4.02,2.87,7.3,99.75,9.26,Medium
4849,55.39,Risk,Medium,4.18,6.7,5.87,66.54,8.77,Medium
4866,68.43,Medium,Risk,1.95,4.53,4.2,60.8,2.53,Medium
4876,92.8776669441845,Safe,Medium,6.32,8.43,8.82,69.39,11.72,Low
4878,72.526711211123,Medium,Risk,7.59,8.33,6.09,71.81,16.47,Low
4882,53.26,Risk,Medium,3.94,4.47,6.75,74.5,11.82,Medium
4885,82.62,Medium,Safe,0.37,8.29,4.17,76.95,0.93,High
4886,58.42,Risk,Medium,2.43,3.55,7.63,61.93,7.46,Medium
4890,93.72,Safe,Medium,1.48,3.36,8.75,95.5,5.46,Medium
4893,56.38,Risk,Medium,3.86,4.11,8.19,62.38,5.99,Medium
4894,60.81,Medium,Risk,5.91,5.27,6.68,72.73,15.0,Low
4899,55.71,Risk,Medium,3.32,4.29,6.28,75.38,11.42,Medium
4911,53.86,Risk,Medium,2.61,4.23,5.51,80.45,6.19,Medium
4912,65.83944946231762,Medium,Risk,5.38,5.32,4.86,99.47,10.05,Low
4914,84.08,Medium,Safe,3.08,8.22,6.09,98.51,10.69,Medium
4929,54.77,Risk,Medium,1.61,1.21,8.56,72.24,3.38,Medium
4933,74.57,Medium,Safe,0.5,7.08,4.78,69.77,0.0,High
4935,58.39,Risk,Medium,2.51,3.57,5.54,76.8,6.49,Medium
4943,85.01628588780721,Safe,Medium,5.95,7.49,6.48,91.68,11.61,Low
4951,58.8,Risk,Medium,5.96,5.91,7.92,86.18,16.11,Low
4966,61.55,Medium,Risk,3.32,3.94,5.65,73.17,4.69,Medium
4968,77.48,Medium,Safe,3.3,9.9,5.24,61.05,6.88,High
4970,86.99,Safe,Medium,4.06,6.72,7.55,77.85,11.11,Medium
4972,65.78,Medium,Risk,6.37,6.88,4.49,86.76,12.58,Low
4973,55.19,Risk,Medium,0.67,2.89,4.0,85.83,6.85,Medium
4977,79.16,Medium,Safe,4.02,8.56,5.8,81.04,8.86,High
4988,94.35,Safe,Medium,1.54,4.35,7.65,98.41,5.14,Medium
4990,80.49,Medium,Safe,0.43,5.81,6.68,96.75,3.82,Medium
5000,62.45085511210443,Medium,Risk,6.65,3.94,8.57,80.51,14.43,Low
5004,53.01,Risk,Medium,4.7,4.57,7.65,73.88,12.15,Medium
5025,80.84,Medium,Safe,2.01,6.52,8.68,71.72,5.25,Medium
5036,88.57,Safe,Medium,1.83,6.29,4.85,89.51,7.78,Medium
5042,88.88881444876726,Safe,Medium,5.06,7.56,6.45,84.72,10.76,Low
5051,62.26,Medium,Risk,5.4,3.51,8.44,83.86,15.3,Low
5053,86.07,Safe,Medium,2.93,8.5,4.8,66.0,7.3,High
5060,58.52,Risk,Medium,0.58,2.28,5.89,80.2,1.09,Medium
5067,58.55,Risk,Medium,2.53,2.69,8.48,65.49,8.47,Medium
5077,65.74,Medium,Risk,5.67,5.62,7.89,64.11,12.94,Low
5080,60.22,Medium,Risk,4.87,5.3,6.16,73.05,11.21,Medium
5083,87.31,Safe,Medium,2.98,5.67,8.24,90.32,4.07,Medium
5100,52.87,Risk,Medium,0.38,1.98,5.78,69.96,2.04,Medium
5104,81.93,Medium,Safe,2.93,5.6,8.91,90.47,6.23,Medium
5120,87.95,Safe,Medium,2.62,5.86,8.59,63.62,8.13,Medium
5127,90.24840317006228,Safe,Medium,6.69,7.96,6.55,84.66,13.2,Low
5136,85.15,Safe,Medium,1.87,6.67,5.55,66.35,5.6,Medium
5145,91.01,Safe,Medium,0.56,5.6,5.11,93.69,2.13,Medium
5147,56.48,Risk,Medium,4.59,5.1,7.05,75.59,11.39,Medium
5164,50.83,Risk,Medium,2.19,1.85,8.36,73.24,8.27,Medium
5165,86.71577650498119,Safe,Medium,2.11,6.58,5.44,75.19,2.64,Medium
5175,58.0,Risk,Medium,7.15,6.99,6.88,91.56,20.93,Low
5181,88.04847696105895,Safe,Medium,4.15,7.6,4.61,97.64,8.91,High
5188,57.31,Risk,Medium,0.65,4.04,4.75,76.53,3.62,Medium
5189,63.503882867129875,Medium,Risk,6.75,7.16,5.24,72.75,16.09,High
5193,84.38,Medium,Safe,4.88,8.49,8.82,73.87,12.47,Medium
5207,52.27,Risk,Medium,1.03,3.24,4.71,71.01,4.58,Medium
5220,89.17174435478269,Safe,Medium,5.21,8.92,5.98,79.17,10.09,High
5221,65.61513313218104,Medium,Risk,6.12,5.51,5.24,88.8,13.54,Low
5238,61.76,Medium,Risk,4.24,3.94,6.89,70.94,8.01,Medium
5240,85.76866626473802,Safe,Medium,2.8,6.89,5.35,67.12,7.37,Medium
5242,67.97037582722291,Medium,Risk,4.81,2.83,7.7,90.02,10.04,Medium
5257,47.37,Risk,Medium,0.02,1.56,4.53,90.51,4.21,Medium
5258,55.94,Risk,Medium,3.0,5.09,4.89,69.12,5.6,Medium
5259,58.72,Risk,Medium,0.89,3.59,4.18,84.55,0.85,Medium
5265,80.54,Medium,Safe,4.65,9.81,6.97,61.45,13.35,Medium
5268,82.31976401735055,Medium,Safe,6.57,9.83,7.27,69.6,13.79,Low
5269,82.71,Medium,Safe,4.53,9.92,4.97,85.24,12.11,High
5272,74.55,Medium,Safe,2.89,9.63,4.65,79.72,10.3,High
5273,62.01,Medium,Risk,4.98,6.48,4.65,72.34,15.63,Medium
5275,72.8074476250649,Medium,Risk,7.36,7.2,6.76,73.64,15.88,Low
5279,56.52,Risk,Medium,2.74,3.2,6.53,86.57,9.34,Medium
5283,59.7,Risk,Medium,0.29,1.78,7.72,71.57,4.49,Medium
5284,70.10501886769947,Medium,Risk,3.49,1.78,7.5,86.46,9.56,Medium
5286,80.41,Medium,Safe,3.33,9.94,5.19,65.96,7.24,High
5293,51.98,Risk,Medium,3.37,4.82,4.75,86.77,9.71,Medium
5301,80.61,Medium,Safe,4.86,9.76,5.35,97.65,11.4,High
5317,56.02,Risk,Medium,0.56,4.5,4.13,65.51,1.39,Medium
5321,62.58,Medium,Risk,3.75,4.83,6.07,66.07,7.78,Medium
5322,78.2955590683598,Medium,Safe,6.76,9.0,8.37,95.32,15.35,Low
5325,65.82,Medium,Risk,2.37,1.93,6.94,90.14,7.17,Medium
5328,79.36,Medium,Safe,0.43,6.4,4.39,95.12,4.35,Medium
5331,87.09,Safe,Medium,2.26,7.03,6.11,77.16,5.22,Medium
5338,65.62476641383658,Medium,Risk,7.38,7.56,6.37,73.93,17.29,Low
5348,55.99,Risk,Medium,3.54,3.98,6.38,80.17,9.77,Medium
5376,59.65,Risk,Medium,6.01,5.21,7.8,94.41,16.06,Low
5377,59.44,Risk,Medium,6.28,6.12,6.36,99.29,18.09,Low
5384,59.01254277920896,Risk,Medium,7.69,7.67,5.14,95.72,14.63,High
5393,64.6,Medium,Risk,3.41,3.03,5.23,97.96,8.41,Medium
5399,88.15,Safe,Medium,1.43,5.46,5.06,93.24,6.85,Medium
5408,61.21,Medium,Risk,3.97,5.64,4.6,66.78,8.9,Medium
5418,63.99,Medium,Risk,3.97,3.94,6.12,86.73,12.07,Medium
5431,84.31749948069304,Medium,Safe,7.72,9.52,7.8,87.31,16.03,Low
5435,80.85314676796179,Medium,Safe,6.3,8.72,8.28,78.43,13.5,Low
5436,82.25,Medium,Safe,0.27,6.28,7.77,65.08,0.68,Medium
5446,62.4,Medium,Risk,5.47,5.49,6.23,71.72,11.05,Low
5452,57.43,Risk,Medium,6.35,6.87,6.65,86.86,14.43,Low
5466,94.7081740532658,Safe,Medium,5.38,8.38,5.78,75.35,11.49,High
5468,65.9,Medium,Risk,5.75,4.35,8.76,78.25,15.61,Low
5470,85.41822924131132,Safe,Medium,1.8,3.09,6.46,95.52,6.12,Medium
5477,59.29,Risk,Medium,6.88,6.8,8.9,73.81,12.92,Low
5480,58.51227711332388,Risk,Medium,6.89,7.32,5.54,77.38,17.7,High
5484,60.74,Medium,Risk,1.43,2.57,5.53,73.59,3.91,Medium
5490,63.44,Medium,Risk,2.52,2.27,6.12,87.78,5.02,Medium
5504,70.47895776724563,Medium,Risk,0.96,1.69,6.73,65.8,5.01,Medium
5508,84.18,Medium,Safe,3.77,8.17,5.31,87.66,11.1,High
5519,61.03408923968673,Medium,Risk,6.52,6.44,4.44,99.91,17.45,Low
5520,69.02,Medium,Risk,5.48,4.9,7.11,91.01,10.84,Low
5541,80.98,Medium,Safe,3.0,6.49,7.74,93.05,10.96,Medium
5545,56.14,Risk,Medium,1.11,2.98,5.59,75.47,2.47,Medium
5552,84.96,Medium,Safe,2.48,8.19,6.85,81.4,5.15,Medium
5564,93.82,Safe,Medium,1.21,5.51,5.37,95.22,10.02,Medium
5565,55.44397330438685,Risk,Medium,2.94,5.65,4.03,64.7,7.61,Medium
5573,85.8,Safe,Medium,2.2,6.96,5.18,79.18,7.24,Medium
5575,58.53,Risk,Medium,4.07,5.5,6.9,65.84,9.54,Medium
5588,93.12829564776212,Safe,Medium,5.01,8.46,4.57,86.46,11.47,High
5598,55.90903027781094,Risk,Medium,7.2,7.8,5.83,74.26,16.36,High
5599,87.87,Safe,Medium,4.41,8.35,7.81,67.36,11.2,Medium
5600,53.08,Risk,Medium,2.04,2.98,7.72,70.25,5.4,Medium
5618,79.54,Medium,Safe,4.02,7.81,8.05,77.13,14.47,Medium
5636,87.45,Safe,Medium,1.49,4.55,8.31,63.2,5.01,Medium
5637,61.06933186341058,Medium,Risk,3.23,2.47,7.08,75.98,6.27,Medium
5638,58.86,Risk,Medium,3.77,2.05,8.95,90.06,9.51,Medium
5649,82.25,Medium,Safe,3.02,8.16,6.18,78.0,9.9,Medium
5666,56.01,Risk,Medium,3.63,3.05,8.15,82.89,8.26,Medium
5667,95.15259915393776,Safe,Medium,5.69,8.85,5.34,82.36,7.71,High
5678,95.70569891814054,Safe,Medium,6.97,9.28,7.74,63.7,14.52,Low
5681,57.33,Risk,Medium,4.93,6.84,5.2,98.27,13.81,Medium
5682,85.82,Safe,Medium,2.52,7.03,5.57,85.5,2.64,High
5689,75.56622402515883,Medium,Risk,4.2,4.83,4.42,98.74,9.82,Medium
5694,91.52,Safe,Medium,1.43,4.56,6.72,97.82,2.14,Medium
5696,82.18782062735693,Medium,Safe,5.18,9.03,7.2,68.57,10.59,Low
5701,57.46,Risk,Medium,0.02,1.21,7.78,67.63,3.05,Medium
5714,83.6,Medium,Safe,2.42,6.97,7.3,96.79,7.63,Medium
5738,82.44,Medium,Safe,1.79,6.95,7.33,61.93,4.96,Medium
5740,54.66,Risk,Medium,4.89,4.02,9.0,78.65,6.46,Medium
5744,84.69,Medium,Safe,3.05,7.39,6.58,98.99,9.63,Medium
5768,90.06,Safe,Medium,2.0,5.71,8.66,61.63,4.87,Medium
5769,59.22,Risk,Medium,2.52,4.59,4.02,91.11,6.94,Medium
5784,91.05,Safe,Medium,1.95,5.94,7.17,74.08,6.3,Medium
5795,85.74386717980059,Safe,Medium,6.28,9.69,5.41,75.88,12.56,High
5820,55.98,Risk,Medium,4.67,4.78,8.44,81.49,11.39,Medium
5825,85.80535502791653,Safe,Medium,2.88,5.36,6.83,78.35,6.37,Medium
5831,56.430508115711554,Risk,Medium,6.54,7.39,4.56,82.47,12.39,High
5837,59.51,Risk,Medium,1.72,1.88,6.75,86.32,3.67,Medium
5839,55.52,Risk,Medium,7.8,6.4,7.76,98.18,17.1,Low
5847,62.974673628176824,Medium,Risk,2.53,2.24,5.27,93.6,8.71,Medium
5861,93.15,Safe,Medium,2.01,6.7,6.66,76.16,8.8,Medium
5864,60.29,Medium,Risk,2.97,1.7,8.93,64.07,9.07,Medium
5871,73.89746221724384,Medium,Risk,1.13,2.89,4.42,69.13,3.93,Medium
5873,67.91230770671777,Medium,Risk,7.3,7.99,6.58,67.89,15.14,Low
5876,58.3,Risk,Medium,4.38,4.71,7.1,93.25,10.64,Medium
5898,62.86,Medium,Risk,1.25,1.25,5.9,85.53,1.56,Medium
5903,86.42,Safe,Medium,1.57,6.72,6.2,73.83,2.96,Medium
5918,61.69513525588835,Medium,Risk,5.52,4.85,4.43,98.86,12.58,Low
5930,86.78,Safe,Medium,4.63,6.89,8.69,80.01,10.89,Medium
5932,81.3164115421336,Medium,Safe,8.0,9.77,8.39,84.83,14.81,Low
5937,62.33484517656221,Medium,Risk,7.65,6.63,7.65,80.61,17.23,Low
5938,57.52,Risk,Medium,0.19,1.36,4.68,99.85,1.91,Medium
5943,84.47,Medium,Safe,4.61,8.19,8.13,66.82,11.87,Medium
5957,57.81,Risk,Medium,2.53,6.06,4.08,65.66,6.69,Medium
5962,55.08,Risk,Medium,0.58,1.02,7.79,71.55,0.0,Medium
5963,94.47,Safe,Medium,1.95,6.52,6.43,72.84,5.7,Medium
5973,62.3,Medium,Risk,2.64,2.28,7.05,82.1,7.2,Medium
5975,49.10076783526781,Risk,Medium,7.95,9.09,4.86,66.27,14.61,High
5978,63.12,Medium,Risk,5.33,5.18,4.94,95.63,11.89,Low
5997,92.5,Safe,Medium,1.29,4.83,8.57,72.67,4.1,Medium
6012,82.33889102711827,Medium,Safe,6.38,9.51,6.7,93.62,15.13,Low
6015,59.71,Risk,Medium,2.71,3.47,8.23,61.18,7.06,Medium
6022,87.11075186183972,Safe,Medium,5.18,8.67,4.82,98.66,9.47,High
6027,93.92673819838988,Safe,Medium,1.31,4.49,6.77,80.42,3.77,Medium
6035,61.39,Medium,Risk,3.15,2.38,5.77,87.59,8.89,Medium
6039,94.08490032596733,Safe,Medium,5.62,8.9,5.77,76.61,10.72,High
6044,86.62269469362559,Safe,Medium,4.28,5.47,7.18,88.76,10.56,Medium
6051,88.56823475015948,Safe,Medium,5.94,7.31,8.02,67.32,13.42,Low
6055,54.88,Risk,Medium,3.66,1.81,8.98,89.47,8.61,Medium
6067,84.01,Medium,Safe,3.3,6.44,8.31,87.52,6.75,Medium
6068,59.27,Risk,Medium,2.46,2.7,6.15,84.73,8.65,Medium
6069,64.5449510737004,Medium,Risk,1.23,1.54,4.26,76.88,2.37,Medium
6070,82.29933696531636,Medium,Safe,6.72,9.07,6.87,98.25,16.09,Low
6074,63.12,Medium,Risk,1.29,2.08,5.58,71.39,3.48,Medium
6080,55.41,Risk,Medium,2.88,4.64,4.85,81.56,5.56,Medium
6081,51.86,Risk,Medium,3.79,5.18,6.04,69.16,9.84,Medium
6089,77.42,Medium,Safe,0.17,7.15,4.82,68.27,0.0,High
6090,85.83,Safe,Medium,4.75,8.2,4.35,91.78,14.07,High
6093,76.58,Medium,Risk,1.71,2.13,5.75,90.9,2.67,Medium
6097,62.26,Medium,Risk,1.38,1.0,7.41,74.84,3.82,Medium
6098,58.95,Risk,Medium,0.23,1.54,4.53,98.65,4.34,Medium
6101,86.44618757614101,Safe,Medium,5.65,9.02,5.18,80.27,12.58,High
6106,65.20994989330777,Medium,Risk,7.87,7.08,6.69,85.99,22.75,Low
6123,59.22,Risk,Medium,5.8,6.17,8.0,65.96,13.7,Low
6126,80.4,Medium,Safe,0.09,4.56,7.9,78.88,0.0,Medium
6137,54.13,Risk,Medium,1.48,1.41,8.59,69.13,1.06,Medium
6150,61.89,Medium,Risk,2.98,1.91,8.19,66.94,9.95,Medium
6158,81.06,Medium,Safe,4.3,8.09,6.64,88.25,14.6,Medium
6159,58.22,Risk,Medium,3.99,5.45,4.22,98.42,5.89,Medium
6165,55.59,Risk,Medium,4.39,3.32,8.68,81.6,11.63,Medium
6166,57.59,Risk,Medium,4.76,7.07,4.13,67.47,13.13,High
6189,59.42,Risk,Medium,4.03,4.41,7.26,72.99,11.94,Medium
6205,86.45,Safe,Medium,1.86,4.33,7.74,90.98,4.37,Medium
6206,88.95,Safe,Medium,1.34,5.79,4.66,89.08,5.04,Medium
6228,85.78022709185892,Safe,Medium,4.26,7.64,5.36,84.77,8.4,High
6240,94.7738533381644,Safe,Medium,5.45,7.81,6.41,80.23,14.76,Low
6247,81.68,Medium,Safe,0.5,6.88,4.02,83.6,2.52,Medium
6251,61.96,Medium,Risk,2.75,1.54,8.22,84.42,9.95,Medium
6266,58.65,Risk,Medium,5.96,6.8,6.13,91.42,12.99,Low
6272,83.84,Medium,Safe,4.52,9.48,7.16,60.89,14.0,Medium
6303,80.53,Medium,Safe,0.15,6.05,6.05,93.52,2.76,Medium
6307,69.40200609024025,Medium,Risk,0.98,1.03,6.56,76.72,5.84,Medium
6320,72.4343111181051,Medium,Safe,7.04,9.79,7.16,79.94,14.57,Low
6329,57.35,Risk,Medium,3.8,4.45,4.66,98.44,8.44,Medium
6330,86.12341094711448,Safe,Medium,0.55,4.96,4.99,87.72,1.72,Medium
6332,73.75,Medium,Safe,4.15,6.98,7.47,98.77,3.7,Medium
6335,89.71594547107017,Safe,Medium,7.24,9.32,7.99,64.13,13.99,Low
6340,54.06,Risk,Medium,5.83,6.32,7.48,91.68,14.98,Low
6346,96.95588425758596,Safe,Medium,5.09,8.96,5.72,81.21,11.22,High
6357,90.6042830436516,Safe,Medium,5.83,7.07,8.04,96.21,16.04,Low
6368,83.6,Medium,Safe,2.18,7.48,7.07,95.17,3.84,Medium
6369,60.97,Medium,Risk,3.59,3.22,7.29,84.68,10.14,Medium
6377,62.09376857918334,Medium,Risk,5.93,6.44,4.15,84.52,17.21,Low
6387,86.84433834585664,Safe,Medium,1.44,5.64,6.3,83.0,1.95,Medium
6406,86.85,Safe,Medium,1.12,3.58,7.14,81.57,2.2,Medium
6408,52.36,Risk,Medium,6.9,6.37,7.39,87.08,14.5,Low
6422,58.82,Risk,Medium,7.35,6.79,8.13,87.56,18.87,Low
6424,69.29297260492706,Medium,Risk,6.93,8.19,4.43,65.23,15.49,High
6425,86.12,Safe,Medium,4.35,7.84,7.02,67.81,11.66,Medium
6429,62.88,Medium,Risk,5.81,3.91,7.88,93.44,8.92,Low
6438,85.22850359584294,Safe,Medium,5.4,8.36,7.64,73.23,13.87,Low
6443,66.12,Medium,Risk,3.52,5.09,4.34,82.22,11.26,Medium
6447,86.83543012308219,Safe,Medium,6.82,8.45,6.06,69.13,15.45,Low
6449,55.46555865204475,Risk,Medium,5.98,7.11,4.89,84.12,17.12,High
6455,55.84,Risk,Medium,4.86,4.33,8.83,76.88,10.21,Medium
6461,57.31,Risk,Medium,5.22,6.12,6.5,90.1,11.21,Low
6462,83.27,Medium,Safe,0.43,6.6,5.37,99.3,4.19,Medium
6466,57.04,Risk,Medium,3.44,6.3,4.7,65.06,7.92,Medium
6476,61.31,Medium,Risk,5.19,3.75,7.83,98.84,11.93,Low
6502,53.12237558519502,Risk,Medium,6.89,7.33,4.47,84.71,14.7,High
6505,53.34,Risk,Medium,2.84,3.43,7.04,68.89,10.94,Medium
6514,98.56,Safe,Medium,1.5,4.45,8.94,74.92,5.27,Medium
6516,86.22150347669266,Safe,Medium,6.94,8.2,5.9,91.21,16.32,High
6520,58.01,Risk,Medium,5.85,6.86,7.69,77.78,11.62,Low
6521,74.81053211663998,Medium,Safe,5.87,7.96,8.41,88.23,13.18,Low
6533,60.68,Medium,Risk,1.75,3.24,5.56,64.79,7.48,Medium
6538,88.44221913863129,Safe,Medium,5.77,9.52,4.87,91.31,13.63,High
6548,60.68,Medium,Risk,6.01,6.76,5.12,82.66,15.57,Low
6556,90.99947300321696,Safe,Medium,5.41,9.71,4.32,92.08,11.04,High
6559,79.63,Medium,Safe,3.82,8.02,7.74,79.59,11.61,Medium
6567,86.2284535059149,Safe,Medium,6.2,8.59,6.82,80.74,12.15,Low
6568,83.42,Medium,Safe,0.49,5.75,8.72,70.06,2.63,Medium
6577,59.97,Risk,Medium,5.21,5.59,7.51,85.54,9.7,Low
6583,90.5729966696167,Safe,Medium,1.6,3.34,8.06,75.98,4.68,Medium
6587,82.51,Medium,Safe,2.77,9.07,4.69,64.97,8.67,High
6592,83.73,Medium,Safe,2.91,8.54,7.95,61.87,5.76,Medium
6593,70.25,Medium,Risk,6.2,5.34,7.67,84.8,12.93,Low
6610,69.36,Medium,Risk,2.65,2.16,6.13,97.17,10.2,Medium
6615,87.27859947932926,Safe,Medium,5.16,8.07,7.68,72.37,15.0,Low
6627,86.15,Safe,Medium,1.84,7.0,5.49,68.9,6.86,Medium
6631,86.74,Safe,Medium,3.17,7.17,6.13,90.93,10.13,Medium
6642,86.2,Safe,Medium,1.57,6.3,6.75,74.77,3.32,Medium
6645,85.16115671708592,Safe,Medium,6.72,9.93,6.32,73.37,15.88,Low
6653,78.63,Medium,Safe,4.77,8.87,7.33,74.87,8.03,Medium
6655,55.98,Risk,Medium,7.98,6.06,8.84,98.41,18.25,Low
6662,59.24,Risk,Medium,3.59,5.48,5.57,62.35,10.8,Medium
6670,81.90289977910561,Medium,Safe,7.35,9.7,7.52,90.4,15.83,Low
6675,57.43,Risk,Medium,4.73,6.59,5.8,68.11,10.79,Medium
6687,86.80754348191208,Safe,Medium,5.62,7.01,6.51,92.5,11.57,Low
6688,92.64,Safe,Medium,3.31,7.65,5.79,76.69,8.26,High
6690,50.48,Risk,Medium,3.44,5.54,5.44,64.11,7.26,Medium
6703,56.39,Risk,Medium,4.86,4.18,7.59,95.7,10.03,Medium
6717,60.55314454059129,Medium,Risk,5.99,7.3,4.13,62.48,15.25,High
6719,58.05,Risk,Medium,2.57,3.85,7.92,74.17,11.22,Medium
6720,83.05,Medium,Safe,2.47,9.45,4.35,67.75,8.6,High
6745,59.94,Risk,Medium,1.12,3.93,4.66,63.24,5.31,Medium
6768,65.20422943760231,Medium,Risk,1.19,1.08,8.11,63.22,3.65,Medium
6787,84.33,Medium,Safe,0.81,6.4,4.34,96.14,5.81,Medium
6791,55.71096316223149,Risk,Medium,6.88,7.99,6.2,68.12,17.06,Low
6794,60.46,Medium,Risk,5.22,4.76,6.01,94.2,10.12,Low
6802,77.65,Medium,Safe,0.44,6.22,6.42,66.62,5.12,Medium
6803,52.88,Risk,Medium,5.59,6.84,7.33,65.05,12.15,Low
6804,82.54653785223002,Medium,Risk,3.51,4.09,6.71,72.31,9.58,Medium
6808,60.11,Medium,Risk,3.54,3.48,6.71,61.95,8.82,Medium
6822,56.7,Risk,Medium,5.5,6.94,6.36,62.05,11.68,Low
6829,81.61,Medium,Safe,0.87,8.52,4.01,64.63,4.49,High
6846,85.66926106554389,Safe,Medium,5.45,9.2,4.45,86.22,13.43,High
6862,82.64342271053374,Medium,Safe,7.9,9.97,7.92,81.98,14.5,Low
6874,56.29,Risk,Medium,7.36,6.47,8.62,86.76,19.76,Low
6880,77.99,Medium,Safe,3.06,7.99,4.59,97.68,9.06,High
6888,56.51,Risk,Medium,3.0,3.32,6.37,87.65,3.6,Medium
6890,73.09,Medium,Safe,0.05,5.13,7.32,77.26,4.85,Medium
6891,83.1992553483574,Medium,Safe,3.82,9.68,5.86,67.88,8.64,High
6893,53.71,Risk,Medium,5.04,6.29,6.04,73.97,6.89,Low
6894,85.94,Safe,Medium,3.79,7.3,7.82,65.94,9.39,Medium
6895,98.99170127340872,Safe,Medium,5.16,8.43,6.38,76.87,11.78,Low
6900,100.0,Safe,Medium,5.64,9.06,5.87,89.81,10.79,High
6902,75.65,Medium,Safe,0.3,7.47,4.29,63.18,3.74,High
6909,90.79729572168176,Safe,Medium,5.96,9.56,5.34,61.86,12.33,High
6913,82.11,Medium,Safe,2.37,7.91,6.54,60.1,4.64,Medium
6921,97.08827377183812,Safe,Medium,5.45,9.74,4.62,93.63,11.97,High
6932,77.59284015163188,Medium,Risk,3.43,3.95,6.68,68.32,8.94,Medium
6934,84.89,Medium,Safe,1.15,6.72,6.58,65.8,4.97,Medium
6941,58.94,Risk,Medium,3.75,6.18,6.08,69.04,6.76,Medium
6945,83.27,Medium,Safe,2.27,8.35,4.25,99.3,5.23,High
6947,85.09,Safe,Medium,3.42,6.21,8.66,82.47,9.31,Medium
6950,60.34,Medium,Risk,3.03,1.57,8.75,84.03,6.85,Medium
6953,88.62822128891695,Safe,Medium,5.75,8.36,6.76,68.18,12.61,Low
6968,61.48,Medium,Risk,2.7,3.99,6.42,60.14,6.8,Medium
6971,88.05,Safe,Medium,4.22,7.84,8.37,64.87,12.86,Medium
6978,60.2,Medium,Risk,4.09,2.81,8.51,77.83,10.31,Medium
6979,79.91,Medium,Safe,3.33,7.84,6.76,77.54,7.25,Medium
6991,49.43,Risk,Medium,1.03,2.05,4.85,99.47,4.69,Medium
6993,91.62,Safe,Medium,0.66,7.79,4.03,62.71,2.28,High
6995,59.85,Risk,Medium,0.5,1.22,8.06,72.85,3.43,Medium
6998,62.51,Medium,Risk,1.37,2.52,5.68,61.44,4.36,Medium
7001,87.05707607448053,Safe,Medium,3.54,7.11,5.32,73.93,8.32,High
7013,86.17301131611775,Safe,Medium,6.14,8.74,6.23,81.79,10.67,Low
7018,61.79443208491004,Medium,Risk,3.18,2.65,8.15,73.55,6.43,Medium
7027,86.7385917726542,Safe,Medium,5.12,9.31,5.69,73.22,10.97,High
7029,81.97,Medium,Safe,4.07,8.79,7.29,63.39,7.6,Medium
7031,87.33,Safe,Medium,1.27,3.92,7.87,87.18,1.76,Medium
7037,67.14379814119357,Medium,Risk,6.2,5.71,6.67,85.13,11.2,Low
7057,84.43,Medium,Safe,1.24,8.4,5.6,62.49,3.13,High
7061,85.29,Safe,Medium,1.8,5.46,7.07,75.24,5.99,Medium
7067,48.89,Risk,Medium,6.92,6.06,8.93,78.64,15.3,Low
7073,57.92,Risk,Medium,7.01,6.61,7.06,90.21,19.33,Low
7077,88.48921966535318,Safe,Medium,7.38,7.95,8.52,86.83,16.93,Low
7080,65.76,Medium,Risk,1.48,2.73,4.7,73.95,5.22,Medium
7084,93.65759477444034,Safe,Medium,5.27,8.32,6.18,88.64,11.72,Low
7085,73.05,Medium,Safe,0.93,5.69,5.69,97.23,5.83,Medium
7086,82.65,Medium,Safe,3.1,7.46,5.94,85.29,9.19,High
7090,59.25,Risk,Medium,0.65,4.88,4.93,64.32,2.95,Medium
7100,59.86,Risk,Medium,2.52,3.59,6.81,61.53,4.0,Medium
7101,86.33,Safe,Medium,1.1,4.65,7.31,71.3,3.58,Medium
7102,53.24,Risk,Medium,5.94,6.13,7.24,81.94,14.93,Low
7105,54.44,Risk,Medium,0.47,1.89,8.04,74.12,4.91,Medium
7122,61.33,Medium,Risk,7.16,5.56,8.92,82.88,18.42,Low
7130,60.65,Medium,Risk,2.21,4.11,4.44,71.34,4.81,Medium
7135,75.02,Medium,Safe,4.66,9.05,7.89,72.19,12.34,Medium
7142,54.37,Risk,Medium,5.55,6.07,5.47,94.49,17.0,Low
7145,56.55,Risk,Medium,6.28,6.17,8.25,64.52,15.92,Low
7152,57.31,Risk,Medium,0.12,4.9,4.2,60.79,4.36,Medium
7157,83.21,Medium,Safe,3.47,8.85,6.49,68.46,8.29,Medium
7172,59.76,Risk,Medium,3.86,4.99,4.39,99.11,12.57,Medium
7176,91.77598605730344,Safe,Medium,5.78,8.61,4.83,71.61,16.06,High
7186,93.75809307913624,Safe,Medium,5.69,8.37,6.71,92.08,11.01,Low
7201,58.81,Risk,Medium,0.98,1.63,8.34,70.33,3.08,Medium
7214,80.66,Medium,Safe,4.52,9.15,5.08,82.65,8.57,High
7234,79.15,Medium,Safe,0.18,3.63,8.9,87.62,0.94,Medium
7237,93.94,Safe,Medium,2.26,5.77,6.5,97.05,5.84,Medium
7255,63.823121348887724,Medium,Risk,4.84,2.78,8.64,85.45,9.34,Medium
7272,86.21178306295175,Safe,Medium,7.75,9.92,6.42,94.58,17.65,Low
7288,82.77,Medium,Safe,5.0,9.3,8.18,65.68,10.66,Medium
7300,59.56,Risk,Medium,0.65,2.87,4.03,89.84,3.72,Medium
7314,83.43,Medium,Safe,0.41,6.24,5.49,80.75,4.95,Medium
7317,89.6980518081304,Safe,Medium,4.0,7.31,8.06,62.18,12.09,Medium
7324,87.23389105052934,Safe,Medium,7.2,9.02,7.73,77.64,17.13,Low
7339,88.59,Safe,Medium,2.28,6.78,6.79,71.29,4.75,Medium
7342,81.27046265317097,Medium,Safe,6.82,9.83,6.11,94.24,16.82,Low
7363,54.7,Risk,Medium,6.53,5.26,8.62,83.23,18.42,Low
7373,60.72,Medium,Risk,5.34,5.25,8.2,65.12,11.86,Low
7376,85.10717100063141,Safe,Medium,5.71,7.09,8.3,89.82,14.27,Low
7383,82.45,Medium,Safe,3.4,7.95,8.12,73.22,10.89,Medium
7384,61.39,Medium,Risk,5.68,4.07,7.64,94.75,16.81,Low
7391,60.1,Medium,Risk,1.98,1.18,7.3,71.5,9.46,Medium
7405,85.16,Safe,Medium,2.78,5.89,5.55,92.81,5.46,Medium
7411,85.23670735201866,Safe,Medium,2.19,7.36,4.3,78.03,3.84,High
7417,56.71,Risk,Medium,5.23,6.5,5.75,91.73,11.84,Low
7420,63.94509158992516,Medium,Risk,4.7,6.18,5.59,62.14,6.09,Medium
7428,59.86,Risk,Medium,0.09,2.91,7.37,73.09,3.74,Medium
7453,68.8168243259428,Medium,Risk,4.42,3.7,6.57,96.57,9.53,Medium
7458,85.83,Safe,Medium,3.5,7.69,7.25,63.38,11.62,Medium
7464,80.39,Medium,Safe,2.57,8.05,5.01,78.77,7.15,High
7472,89.81559853415565,Safe,Medium,6.21,9.71,5.1,93.45,15.37,High
7482,84.94,Medium,Safe,1.76,8.37,5.81,67.76,4.52,High
7484,82.04,Medium,Safe,0.32,5.46,7.76,72.49,3.54,Medium
7486,91.31340972266264,Safe,Medium,6.55,8.44,6.06,84.41,13.06,Low
7508,64.29,Medium,Risk,2.13,2.73,6.39,66.78,7.31,Medium
7519,62.10294799589512,Medium,Risk,6.86,7.3,4.02,78.38,13.69,High
7522,60.27,Medium,Risk,7.49,6.6,8.15,77.43,16.02,Low
7525,85.3279625577168,Safe,Medium,5.97,8.93,6.37,74.5,15.64,Low
7541,58.38,Risk,Medium,4.13,4.58,6.2,91.96,8.89,Medium
7546,61.91,Medium,Risk,2.5,2.83,6.22,75.16,7.91,Medium
7552,89.68905649966673,Safe,Medium,5.46,8.5,6.17,81.31,14.87,Low
7553,57.617304515871176,Risk,Medium,6.8,7.13,4.36,87.27,13.8,High
7558,64.21,Medium,Risk,2.77,3.2,4.73,97.78,9.52,Medium
7562,62.09,Medium,Risk,4.51,4.44,6.57,69.25,10.33,Medium
7567,61.59,Medium,Risk,5.4,4.83,7.89,63.24,11.13,Low
7571,79.95042467405607,Medium,Safe,6.58,9.64,7.32,89.58,17.45,Low
7578,85.89,Safe,Medium,3.78,7.74,5.31,92.89,7.86,High
7589,84.93,Medium,Safe,0.61,8.64,6.34,62.6,4.76,Medium
7590,83.81397563905692,Medium,Safe,5.72,9.58,8.27,68.81,14.03,Low
7596,86.36,Safe,Medium,2.93,6.03,8.6,60.35,10.95,Medium
7597,96.39,Safe,Medium,1.57,6.0,8.59,60.29,6.01,Medium
7603,84.47,Medium,Safe,0.44,5.75,6.25,95.61,1.86,Medium
7611,62.63,Medium,Risk,4.35,4.83,4.6,95.63,8.32,Medium
7613,78.80303640110871,Medium,Safe,5.65,8.38,7.67,90.35,15.81,Low
7622,91.24862699126118,Safe,Medium,1.77,5.48,7.15,61.78,0.26,Medium
7627,56.53,Risk,Medium,0.01,3.37,6.64,63.34,3.34,Medium
7628,60.43,Medium,Risk,6.95,6.41,6.52,80.95,17.67,Low
7642,71.97988233706849,Medium,Risk,6.38,6.12,4.84,97.62,16.37,Low
7651,55.23723728334221,Risk,Medium,7.07,7.98,5.29,66.52,17.6,High
7658,89.74,Safe,Medium,3.48,5.43,8.57,88.22,15.52,Medium
7687,66.06,Medium,Risk,6.34,5.01,8.24,86.68,12.01,Low
7691,63.22,Medium,Risk,4.14,2.61,6.98,96.99,7.35,Medium
7709,95.49060036214746,Safe,Medium,1.28,2.94,7.57,98.32,3.46,Medium
7710,59.43,Risk,Medium,5.52,7.0,5.92,79.63,10.75,Low
7718,58.06,Risk,Medium,5.92,6.05,7.42,74.74,15.18,Low
7739,68.8549168199033,Medium,Risk,5.71,5.38,5.89,90.79,11.92,Low
7747,86.12,Safe,Medium,1.17,6.47,4.61,88.97,0.0,Medium
7750,65.77,Medium,Risk,1.35,3.14,5.3,62.98,2.04,Medium
7755,87.44609839718554,Safe,Medium,6.11,7.12,8.86,92.03,14.7,Low
7759,92.26,Safe,Medium,3.48,6.18,8.51,71.82,8.16,Medium
7777,65.47,Medium,Risk,5.81,6.44,5.55,90.85,11.7,Low
7788,90.24421268638164,Safe,Medium,5.07,8.68,6.45,64.86,11.21,Low
7790,62.54,Medium,Risk,5.27,4.5,6.53,98.81,9.9,Low
7795,61.4,Medium,Risk,2.83,2.89,7.07,78.74,8.45,Medium
7813,76.52,Medium,Safe,2.56,7.77,6.27,79.08,7.06,Medium
7819,58.03,Risk,Medium,5.33,4.38,8.73,80.31,14.71,Low
7828,58.5,Risk,Medium,3.26,3.32,7.68,70.1,9.61,Medium
7831,86.32,Safe,Medium,2.41,6.92,4.6,87.5,3.4,Medium
7842,62.47,Medium,Risk,2.78,3.69,4.57,90.44,8.78,Medium
7844,60.57,Medium,Risk,3.8,4.01,7.41,63.25,11.31,Medium
7853,57.8,Risk,Medium,0.36,1.99,6.84,97.17,0.19,Medium
7858,55.22,Risk,Medium,3.24,2.76,8.25,80.34,5.45,Medium
7885,84.8109350189772,Medium,Safe,6.77,8.1,8.57,89.54,11.6,Low
7887,61.57,Medium,Risk,6.04,5.59,5.84,88.6,15.36,Low
7899,70.40679776613048,Medium,Risk,7.93,8.59,6.13,73.18,15.56,Low
7911,84.6,Medium,Safe,2.22,6.68,8.73,62.18,4.61,Medium
7916,89.15532864063994,Safe,Medium,5.3,8.57,5.48,89.83,8.67,High
7919,70.87,Medium,Risk,1.79,3.8,5.08,65.97,4.76,Medium
7923,94.88523698257433,Safe,Medium,0.6,4.82,6.2,79.58,2.51,Medium
7928,64.76832657201132,Medium,Risk,7.12,6.7,7.84,74.64,14.72,Low
7930,86.02,Safe,Medium,1.62,3.08,8.78,83.69,1.29,Medium
7937,87.77,Safe,Medium,3.21,5.75,7.64,96.6,10.16,Medium
7938,56.92,Risk,Medium,7.44,5.98,8.82,91.61,15.69,Low
7941,79.82,Medium,Safe,4.68,9.51,6.6,70.69,8.7,Medium
7943,63.85,Medium,Risk,1.12,2.4,4.0,65.72,7.31,Medium
7947,66.13,Medium,Risk,1.74,3.08,4.61,78.54,7.0,Medium
7949,69.99113844878812,Medium,Risk,4.15,4.48,4.69,82.14,6.75,Medium
7958,86.87,Safe,Medium,1.14,6.35,4.31,76.92,5.05,Medium
7960,59.18,Risk,Medium,3.13,4.61,4.42,86.48,6.82,Medium
7962,63.83,Medium,Risk,6.12,6.15,6.99,65.07,12.6,Low
7973,61.89,Medium,Risk,4.62,2.63,8.39,74.65,8.93,Medium
7984,59.7,Risk,Medium,0.25,2.68,7.36,65.03,1.86,Medium
7997,60.8,Medium,Risk,5.77,6.09,6.23,84.37,10.66,Low
7999,56.33,Risk,Medium,0.98,2.99,7.29,61.13,2.14,Medium
